Price,Close,High,Low,Open,Volume
Ticker,CEG,CEG,CEG,CEG,CEG
Date,,,,,
2022-01-19,40.60940170288086,41.57629221961612,36.741839635939826,36.741839635939826,129900
2022-01-20,43.510074615478516,46.76849472615383,39.5941686377644,39.5941686377644,153400
2022-01-21,43.510074615478516,48.2961835608601,41.52794973178566,41.57629352145725,329500
2022-01-24,41.38290786743164,43.51006745864418,40.49337048092854,43.43271445717741,110000
2022-01-25,40.51077651977539,43.43271895517346,39.96158564374113,41.0928457443927,23500
2022-01-26,41.789005279541016,43.56808380612882,40.85112038855895,43.519736334243525,90500
2022-01-27,44.24490737915039,47.97710527584705,42.30145910925315,45.69524312003907,151600
2022-01-28,45.20212936401367,46.023984786183426,42.68821562340491,43.07496959744003,43600
2022-01-31,46.410736083984375,46.410736083984375,44.47695541381836,44.47695541381836,71300
2022-02-01,48.13180923461914,48.34452633076077,45.49219853956696,45.92730001422274,298800
2022-02-02,51.25485610961914,54.368244233853346,48.1511389544382,48.37835877806814,23860900
2022-02-03,51.844661712646484,54.6969891026737,48.63458591083779,50.46200815897895,8425500
2022-02-04,48.47988510131836,52.53115832442006,48.46054685029802,50.8584346509062,6757800
2022-02-07,44.544639587402344,48.38319558282675,44.47695755575859,48.34451908234629,9432500
2022-02-08,43.993507385253906,45.985302673814594,42.70754155279444,43.63575901728888,7277500
2022-02-09,45.74357604980469,45.87894008576781,42.42714241513478,43.26833584461515,4393100
2022-02-10,45.4921989440918,46.89419095782956,43.87749352071557,44.00318663464908,2450000
2022-02-11,46.49776077270508,47.29061062761563,44.53497438657216,45.21179473462195,3456800
2022-02-14,46.5171012878418,47.37763321943953,45.434184989862196,46.59445060778597,2155000
2022-02-15,46.410736083984375,46.84583747245051,45.63722455359675,46.120669721138256,2359800
2022-02-16,45.63723373413086,46.86518514931224,45.39551110173439,46.14001725212285,5855300
2022-02-17,43.790470123291016,45.521204943947424,43.69377886358164,44.786366123733856,3142600
2022-02-18,43.906497955322266,44.38027592858806,43.316694153491326,43.655108045365346,2018700
2022-02-22,42.09840774536133,44.16755255440785,42.05006396436749,43.90649171096823,2611100
2022-02-23,41.663307189941406,42.5335100191669,40.78343707967747,42.24343995049564,2791200
2022-02-24,42.993263244628906,43.255181133544404,40.95612904262324,41.858289426497905,2447900
2022-02-25,42.59553527832031,43.58500158744251,42.43062607705128,42.973859869940014,2040700
2022-02-28,44.60356521606445,45.22440590328985,41.188937735822364,42.0037920629313,5534900
2022-03-01,46.359397888183594,46.61161310909399,43.99243739723832,44.25435533847424,4212900
2022-03-02,47.979400634765625,48.7942551555966,45.91316542521476,46.56310701776279,3517100
2022-03-03,48.03759765625,48.823351285318545,46.123660685818365,48.3286162853671,2072200
2022-03-04,49.473297119140625,49.512100593237136,46.80561933330461,47.69807703450651,2544600
2022-03-07,50.103843688964844,51.00600416417548,48.377125990984744,49.53150536276136,2726900
2022-03-08,50.753780364990234,53.6639742102328,49.32778419666047,49.64790729587851,3873700
2022-03-09,49.79343032836914,52.07308123658572,49.07558071400735,50.870199199156254,3050600
2022-03-10,49.783721923828125,50.094142343110505,47.79508995639312,49.05617337229069,2692700
2022-03-11,47.84358596801758,50.28814921389108,46.84442061016753,49.880720155994105,3034100
2022-03-14,49.424800872802734,50.307559667290136,47.13544741883452,50.307559667290136,2916600
2022-03-15,49.75462341308594,50.045642106744054,48.40623396208399,49.803125911945045,2117400
2022-03-16,50.22024917602539,50.83139096358867,48.842755399351375,50.16204396275643,2989800
2022-03-17,49.463600158691406,51.132108908723254,49.38599320726973,50.326957140490464,2244600
2022-03-18,47.542869567871094,49.871026340270326,47.41676382057266,49.13377879262904,9663900
2022-03-21,47.746585845947266,47.95029854537171,47.145143065975326,47.44586445596129,2452000
2022-03-22,49.609100341796875,50.491858931552066,48.512926367539585,48.84274846154167,3841900
2022-03-23,49.463600158691406,50.22024943253721,49.18228051054249,49.18228051054249,2396200
2022-03-24,50.84109115600586,51.006004080490456,49.24727333228118,49.647912010217894,2335200
2022-03-25,52.189476013183594,52.20887774971728,50.472461185232675,50.676177568584926,2441200
2022-03-28,55.08026885986328,55.14817308835777,52.43199284706935,52.752115953260166,3127000
2022-03-29,54.64374923706055,55.67201550549444,52.99463841914358,55.29369084442889,2201300
2022-03-30,55.77871322631836,56.06003284201522,54.03259772629067,54.48852556153788,1934100
2022-03-31,54.566131591796875,57.31141607745654,54.11020006366902,56.59356667362774,3817600
2022-04-01,56.28316116333008,56.554778128107145,54.03261108245369,54.67285371407363,2156500
2022-04-04,56.63237762451172,56.94279802919567,55.8078204179112,56.61297588665609,1885100
2022-04-05,57.23380661010742,58.51429147890352,56.70027186485946,56.89428550872302,2143100
2022-04-06,57.815853118896484,58.2814874190903,56.6226740133446,57.13681080716188,2559400
2022-04-07,59.086639404296875,59.24184960479704,57.57333717404296,57.97106354410607,3925800
2022-04-08,62.10354232788086,62.95720404850213,59.07694503042504,59.38736545583094,4762100
2022-04-11,58.863525390625,62.72632515756931,58.601607481575535,62.2587517886317,3487700
2022-04-12,60.01789093017578,61.31777753746312,59.05752912583436,59.17393583231461,2553000
2022-04-13,62.27815246582031,62.61768104081833,59.90149684687329,60.182816505610965,3405700
2022-04-14,60.677547454833984,62.78258982007101,60.31959407666468,62.20055246866622,1860100
2022-04-18,61.4148063659668,62.24905902012552,60.425339784890696,60.425339784890696,1216800
2022-04-19,64.71302032470703,64.88763228044314,60.99767415655194,61.72522273861791,2078800
2022-04-20,63.451934814453125,66.62404308876474,63.11726131282722,65.78978686474272,2182800
2022-04-21,60.7939567565918,64.31529657340505,60.289526337638684,63.05420942451209,2493700
2022-04-22,60.5611457824707,62.526498015327526,60.42533730250097,60.629050022455566,2030500
2022-04-25,60.40592956542969,60.95886615069954,57.660644676718675,60.493235536814566,2261600
2022-04-26,58.155372619628906,60.35741967197162,58.11656914810239,59.94999062194871,2136500
2022-04-27,58.29118347167969,59.35825307911418,57.94195961455484,58.213576525428444,1991600
2022-04-28,59.474666595458984,59.513466370102115,57.039802187329485,58.417295950995005,3354600
2022-04-29,57.437522888183594,60.00819550513871,57.379321381710895,59.65897166429169,2578400
2022-05-02,56.457763671875,58.1941802927771,55.19668036023493,57.524833312377446,2488200
2022-05-03,57.91285705566406,58.64040550183948,56.70027631203836,56.70027631203836,2224200
2022-05-04,59.9597053527832,60.430183662415494,58.05158514873742,58.320293507113995,2628900
2022-05-05,58.359100341796875,60.13432076658194,57.39873452665839,59.38737039936394,1946800
2022-05-06,58.465797424316406,59.39705860855417,56.94279620618705,58.45609470544766,2861000
2022-05-09,55.89512252807617,58.756813905358975,54.87655541426442,58.756813905358975,2193700
2022-05-10,55.332489013671875,58.077770073199055,55.03661899676394,56.506266362436094,2156200
2022-05-11,55.652610778808594,57.262918032092564,54.83775628314061,55.40039558513898,1877000
2022-05-12,51.99715805053711,56.25650729773164,51.617901281503954,55.73138453809681,3785600
2022-05-13,53.10575866699219,54.36119820408681,52.15275338220741,53.02796050025673,2317500
2022-05-16,55.031211853027344,55.55633828354662,52.84318876881731,52.920983216142226,1631900
2022-05-17,57.68600845336914,57.84160104605012,54.43800983523614,55.284044326087724,2215100
2022-05-18,55.70220184326172,58.59525668801533,55.36184419546489,57.783254226065516,4609100
2022-05-19,55.65359115600586,55.92587732954791,53.40721909542124,55.55634715391824,2181100
2022-05-20,55.08956527709961,57.31648392445246,53.96151787031812,55.925873279503655,2266200
2022-05-23,55.04093551635742,56.00366731873532,54.32132110292941,55.91614624579187,1581800
2022-05-24,55.21598434448242,55.78000992940307,53.553087466933555,54.99232017758586,1682300
2022-05-25,57.54014587402344,57.705465110805186,55.31322731207544,55.31322731207544,1974700
2022-05-26,60.749244689941406,61.306459318983734,57.54014129709002,57.54986792122022,3260100
2022-05-27,64.7654800415039,64.80437911891507,60.29219000858593,60.68117336345715,2793800
2022-05-31,60.369991302490234,64.56126880654308,59.67954562621144,63.73468377148673,7389300
2022-06-01,61.89674377441406,62.15930328164421,60.43806170943607,60.66172584757826,2008600
2022-06-02,61.99399185180664,62.35380278916746,60.27274645641377,61.935643229894474,1758500
2022-06-03,63.3748664855957,64.00696347923409,61.38133523510391,61.51747828982725,1793500
2022-06-06,64.56126403808594,65.09611706674593,63.58394977943292,63.763851516691176,2033200
2022-06-07,64.71685791015625,64.8627201677225,63.36611850271712,63.71522341968162,2721700
2022-06-08,62.98588562011719,64.63906300826461,61.39106426678876,64.60989055528536,1922200
2022-06-09,59.523948669433594,62.68442630493699,59.47532667850372,62.489938341217496,1811000
2022-06-10,58.143070220947266,59.37808819495121,57.57904468699661,58.2014151316177,1540800
2022-06-13,53.9517936706543,57.36511221066791,53.679507504589,56.66494354407624,2113200
2022-06-14,52.94043731689453,54.924245974485075,51.851288993159194,54.48664057801354,2330400
2022-06-15,56.596866607666016,57.91454233515899,54.146280217809334,54.16572975776301,3891700
2022-06-16,56.65521240234375,56.742733478691356,54.535264448984904,54.77837813777042,4837000
2022-06-17,56.49961853027344,57.8610566409679,53.95665147965867,56.93722390225526,6478700
2022-06-21,58.71681594848633,59.26138820747747,56.499616705270014,56.499616705270014,4363600
2022-06-22,57.579044342041016,58.76544031350508,57.24354997883455,57.64711587716235,3233400
2022-06-23,57.03447341918945,59.543404782483115,56.198161728218054,58.2305923343158,2667600
2022-06-24,57.64711380004883,58.67791712414835,56.38292342383413,57.21923506475748,6473700
2022-06-27,57.78326416015625,58.221841495786116,56.81080933112942,57.49152845337236,1718900
2022-06-28,56.48017120361328,59.232216097390975,56.23705752668923,58.19168985692566,1401700
2022-06-29,55.73137664794922,56.55309829464595,54.768644923946006,56.36346993697593,1412200
2022-06-30,55.6827507019043,57.213395571690356,54.992308802181014,55.33267014979984,2424400
2022-07-01,56.01338577270508,56.48989017847455,55.06038067078619,55.15762836054529,1531900
2022-07-05,53.42665481567383,55.78971980933572,51.43312361165987,55.575782318166866,2696000
2022-07-06,55.196529388427734,55.643861387963085,53.05713192896669,53.61143083377874,1716600
2022-07-07,57.48179244995117,58.25003248027967,55.98421146390775,55.98421146390775,1872100
2022-07-08,58.006927490234375,58.16252010230256,55.83835012695458,57.31648179641259,2096000
2022-07-11,58.191688537597656,58.483424201368194,56.801078040350525,58.0069234827877,1774700
2022-07-12,57.59849548339844,59.426711486564244,57.29703316975082,57.773537638468596,1808400
2022-07-13,58.172245025634766,58.61957333706948,56.54824731296588,56.54824731296588,1577200
2022-07-14,56.32457733154297,57.345657786597236,55.517441818157955,56.68438825991963,2608600
2022-07-15,54.1268310546875,55.08567149431863,51.19001727440408,53.44611199005139,5186100
2022-07-18,53.30023956298828,55.109002057255886,53.086298357481574,54.778371044556444,2583100
2022-07-19,53.485008239746094,53.97123558738015,52.677869062055834,53.912886970200766,2326200
2022-07-20,52.58062744140625,53.820508717489936,51.89990838217639,53.640603255310054,2803600
2022-07-21,52.66815185546875,53.34400764515918,51.84156675875432,52.376416157194285,1816800
2022-07-22,52.512550354003906,54.0684762880523,51.948524884398836,53.28079040689907,1503100
2022-07-25,53.44611358642578,53.54336128977588,51.899910344554634,52.49310835131824,1847700
2022-07-26,53.97123718261719,55.10900742909242,53.378039207431144,53.87399319406423,1993500
2022-07-27,54.00040817260742,54.2240723079091,52.687595814647935,53.51418082378979,1557200
2022-07-28,62.81084442138672,64.12366417898902,60.47695540767452,60.85621585017171,8460600
2022-07-29,64.27926635742188,64.76549379948897,61.88702823276079,62.091242868119934,3895200
2022-08-01,63.50128936767578,64.76547591643771,62.363511828778144,64.2306303293907,2735200
2022-08-02,64.02641296386719,64.95024936709505,63.19982796462996,63.50129396236812,1722900
2022-08-03,65.31979370117188,65.52400833939008,63.73469488876841,64.79466716607845,2286700
2022-08-04,65.60179138183594,66.48672869592711,63.705507736269674,63.705507736269674,2425900
2022-08-05,72.25338745117188,73.88711165012506,67.82871558172847,67.83844220615265,4216800
2022-08-08,73.79959869384766,75.4916680719884,72.9049420037265,74.8887508074137,3183600
2022-08-09,73.63426971435547,74.6553426789977,72.95354698535355,73.66344216773948,2945700
2022-08-10,74.99571990966797,75.07351065822144,73.42034039840435,73.95519352794369,2134600
2022-08-11,76.65860748291016,77.85472263568094,74.56782834766116,74.99571079931418,2540200
2022-08-12,79.39707946777344,79.57243527800982,77.00055501623325,77.59481596022678,2170800
2022-08-15,79.10480499267578,80.30307074818545,78.17932068037665,78.17932068037665,1980100
2022-08-16,79.29966735839844,79.99134659879194,78.81256867368165,79.00740517455394,1878800
2022-08-17,77.64352416992188,79.34836949614694,77.05900725886615,78.34494743620306,2502200
2022-08-18,79.4944839477539,80.02541959729952,77.37073391703724,77.37073391703724,1939600
2022-08-19,78.75411224365234,79.18276146715246,77.78965892331321,78.23778882400146,1704000
2022-08-22,77.59481048583984,78.66642594722069,77.46816008972162,78.66642594722069,1724600
2022-08-23,77.6922378540039,78.80282222684386,77.54610676651743,78.19881720041643,1065800
2022-08-24,78.29624938964844,78.72976694462645,77.26359506941972,77.60457011274737,1430200
2022-08-25,80.60508728027344,80.69276890736914,77.70685162815221,77.9455326564581,1551700
2022-08-26,78.74437713623047,81.08245236820119,78.5203084653076,80.60509029374295,1641000
2022-08-29,78.90995788574219,79.87441084545858,77.10769490201893,77.59479340748649,1191200
2022-08-30,77.6337890625,79.47502145613815,76.94210983712858,79.47502145613815,1802800
2022-08-31,79.48474884033203,80.2641096013882,77.51687369584103,78.18907216643859,3016500
2022-09-01,80.3907699584961,80.79993853446706,79.06586827011881,79.48476603658489,2421100
2022-09-02,78.97817993164062,81.53057969875397,78.87101762709345,80.44922003107688,2232200
2022-09-06,80.1374740600586,80.56611582906507,78.98792091890645,79.59191850376786,2013300
2022-09-07,80.76095581054688,82.28070118539856,79.57632859104808,80.46869365421291,1759100
2022-09-08,83.57638549804688,83.73225319784444,80.73173122578898,80.73173122578898,2184400
2022-09-09,85.25200653076172,85.54426125687519,83.23054270393354,84.26806519134819,1905300
2022-09-12,85.85599517822266,86.37232592924026,85.203284848538,86.27490026478074,1733800
2022-09-13,84.1511459350586,85.7585726960245,83.55688508747401,84.6577326080164,1974200
2022-09-14,85.77808380126953,86.24569438973134,84.0342695682797,84.15116849912701,3600300
2022-09-15,84.56031036376953,85.98263722290812,84.08294843836501,85.6124375719794,3631800
2022-09-16,83.36205291748047,84.61876817945672,82.70251951976027,84.37521888293112,6245600
2022-09-19,87.05425262451172,87.38547606775228,83.050301986904,83.19643303702412,4407400
2022-09-20,85.48580169677734,87.85310111798948,85.30070185600289,86.12877539681413,4626000
2022-09-21,85.02793884277344,87.76543086731648,84.9792334374735,86.49897884148523,2155100
2022-09-22,83.17696380615234,85.72936343879287,82.446315822299,85.72936343879287,1863300
2022-09-23,81.6864242553711,82.16377874687365,80.03516049026955,81.62310649884155,2678800
2022-09-26,80.78043365478516,82.75805287006995,79.54320642573961,81.51108158747866,1973300
2022-09-27,81.80335998535156,83.21107498470879,80.93632486090519,81.53058589215989,1777800
2022-09-28,82.82624053955078,83.32308317985867,81.03372130535425,81.93972497531118,1564300
2022-09-29,80.8973388671875,83.98554230232958,79.95236636492764,82.8554773805025,1823700
2022-09-30,81.04347229003906,82.27095548397553,80.09849976035646,81.13114647566228,3267800
2022-10-03,84.3557357788086,84.6674860320797,81.70592551882044,82.83599045678764,2026700
2022-10-04,87.03477478027344,87.15654943097286,84.91103200730898,86.0216162270849,1679100
2022-10-05,85.89497375488281,87.16143321196529,83.3815429488465,85.41761916122857,1766700
2022-10-06,84.0537338256836,87.58909334910328,83.73224696358463,85.9534228387399,1677300
2022-10-07,82.2125015258789,83.5374103191291,81.21882364720867,83.49844153902941,2017200
2022-10-10,82.53399658203125,83.42051226158243,81.76437982185111,82.7580577991828,982800
2022-10-11,80.74146270751953,83.11850629653745,80.41998327448368,82.2319906935654,1534200
2022-10-12,80.04004669189453,81.4331415730646,79.57242875873042,80.96553107243538,1878400
2022-10-13,81.65721130371094,82.144309917413,77.25384310615976,78.48132626126375,2746500
2022-10-14,79.16326141357422,82.5729513922061,78.62745001534691,82.03713999397878,1693300
2022-10-17,82.99185943603516,84.06347483840472,80.99475226102427,81.07268981856903,1678900
2022-10-18,84.2778091430664,85.1448441314614,82.32941457453198,84.26806508911382,1598900
2022-10-19,83.47896575927734,84.00503317266212,82.37811809639364,82.89444145604853,1325800
2022-10-20,82.37812805175781,84.49214201450454,82.00793572317252,84.141430363198,2076500
2022-10-21,85.02793884277344,85.20329465343137,81.50134938653747,82.51450803418827,1749200
2022-10-24,85.32019805908203,85.44684102753223,83.36205947976138,85.30850668110374,1325000
2022-10-25,85.87549591064453,86.27491295002424,84.51161816555778,85.24226616122542,1647200
2022-10-26,86.48922729492188,87.36600627225691,85.07664431049062,87.36600627225691,1370100
2022-10-27,90.63933563232422,90.7367538951079,87.48780614815485,87.48780614815485,3345800
2022-10-28,91.33099365234375,92.79423687502742,89.45079263238608,90.49318340930343,1958000
2022-10-31,92.10059356689453,92.95788432839399,90.96565306777273,91.71091324529152,2276600
2022-11-01,93.0553207397461,93.7567439692286,91.57941245793306,92.78254669106632,1467400
2022-11-02,90.68802642822266,93.8054623625179,90.58087155921027,92.23700405716949,1966100
2022-11-03,91.97396087646484,92.98711942005417,89.78201718464292,89.78201718464292,1484400
2022-11-04,91.88627624511719,93.72750829115449,90.35191868426426,92.63640479135906,1974300
2022-11-07,91.08743286132812,92.6071780258441,90.56136551225697,92.6071780258441,2120300
2022-11-08,85.28121185302734,90.7026208912354,83.85888503184891,87.24908665149785,4345400
2022-11-09,85.09614562988281,87.59983277492964,84.10246750284672,84.75517800945556,2241500
2022-11-10,92.68512725830078,93.36706237123404,85.92419585635416,88.1648525403382,4885600
2022-11-11,89.92813873291016,93.3962857256785,89.24133537412392,92.83124958107975,3133200
2022-11-14,91.63658142089844,92.41713451096027,89.76326293743718,89.76326293743718,1997000
2022-11-15,91.22677612304688,92.44638542950472,90.39744328343643,92.21222252695806,2537200
2022-11-16,89.4510269165039,92.22197573868759,89.0607504424754,92.01708226470116,1384600
2022-11-17,87.86067962646484,89.23639540110776,86.70936785235429,88.23143826955231,1792500
2022-11-18,91.03166198730469,91.16825766468999,87.83725855208101,87.92897491944147,2515700
2022-11-21,91.11945343017578,91.9292758274991,90.5047729957703,91.78292121628691,1744800
2022-11-22,93.929443359375,94.01725911549863,91.80244406230817,92.26101843208353,1567600
2022-11-23,94.27094268798828,95.51006271851101,92.1195496499704,93.69528310814427,1135900
2022-11-25,94.79780578613281,95.08074862456358,93.66600465678876,94.25141569711265,631700
2022-11-28,92.50493621826172,94.24165890350048,92.08539026500361,93.73430464193285,1590100
2022-11-29,92.13419342041016,92.7976613801743,91.05117943544357,92.38787431664822,1436200
2022-11-30,93.78309631347656,94.5831598607017,91.48047294460306,91.85123155881276,3361800
2022-12-01,92.17321014404297,95.40273376638066,91.59755058058701,94.64169861800308,1748600
2022-12-02,89.80228424072266,91.21702823028141,88.82659667719099,90.7291844485156,1848700
2022-12-05,87.87043762207031,89.38275663345925,87.61676416310597,88.79734546398534,2397000
2022-12-06,88.57292175292969,88.67048902703016,87.61675204527688,87.67529092095599,1237500
2022-12-07,89.7339859008789,90.93407742863987,88.38753230673059,88.6704825918211,1237200
2022-12-08,89.18761444091797,90.72431956002818,88.7192810789942,90.08524532037342,1002400
2022-12-09,87.5386962890625,89.62666724403822,87.509426850875,89.13882342383069,1384600
2022-12-12,88.67049407958984,88.7095224802351,86.90450175285346,87.79238111874373,1554100
2022-12-13,88.6314468383789,90.45598510019052,88.19239045128695,89.74373741056093,1629900
2022-12-14,88.6412124633789,90.04620491797796,87.69479434848401,89.31443925519183,2561600
2022-12-15,87.5191650390625,88.6412071434412,87.25573269158811,88.60217875049968,2245100
2022-12-16,86.05563354492188,86.44591002926965,83.84082622039828,86.0068536368189,3911700
2022-12-19,85.59707641601562,86.51421769808154,84.88482119275791,86.231267400837,1238100
2022-12-20,85.43120574951172,85.97759587936304,85.00678401624374,85.86051068498651,1306600
2022-12-21,87.47038269042969,87.97773689670515,84.60185916244772,85.85073792611468,1409500
2022-12-22,85.2068099975586,87.2020895896027,84.4262568474457,86.96304341945283,1548300
2022-12-23,85.8995361328125,86.08491915656506,85.01165685474028,85.3921744185125,600700
2022-12-27,85.50926208496094,86.74838952607442,85.14825498717477,86.28981515545317,634400
2022-12-28,84.50430297851562,86.19223834488515,84.31891995389834,85.811720779338,752000
2022-12-29,84.66041564941406,85.55805396104981,84.1823307765438,85.04094068820355,870800
2022-12-30,84.11402130126953,84.49453884351226,83.05052546369504,84.49453884351226,1343300
2023-01-03,79.9185791015625,84.02622322080668,78.8258062521567,83.90913802282913,4030600
2023-01-04,81.3821029663086,81.70407420379448,79.31364265895614,79.95759257783325,2612200
2023-01-05,80.40641021728516,81.87969297844491,79.89417279247445,80.9040054812454,1906300
2023-01-06,81.46990203857422,83.08954677792423,81.06011509629451,81.58698721232749,1914100
2023-01-09,81.957763671875,83.13834485054636,81.5479766400531,81.81140903367971,1301500
2023-01-10,81.06011962890625,81.46014763476529,79.59658837272482,81.37233933246877,1376700
2023-01-11,82.06507873535156,82.3236353352625,80.43568234695677,80.98206498165081,1696200
2023-01-12,82.28948211669922,82.73830492791541,80.75765300334629,81.84066674938808,1496700
2023-01-13,83.08956909179688,83.62131710807407,81.42113655434594,81.77238472602967,1366200
2023-01-17,81.34308624267578,82.95296499282516,80.98207911380793,81.8894689727189,2763600
2023-01-18,79.86001586914062,82.45534804541661,79.78195908701854,81.29427760404005,2084900
2023-01-19,78.87458038330078,79.80148805051687,78.79164783228082,79.61610502829255,1635500
2023-01-20,80.98206329345703,81.07963055563201,78.49405716651776,79.14777345529053,1795100
2023-01-23,82.09435272216797,82.24070734854894,80.55081424966653,80.91377163879777,1596200
2023-01-24,81.86994171142578,82.18216141372051,80.96255203852161,81.95775001336577,1176000
2023-01-25,81.37234497070312,81.52845111134842,80.48446570735815,81.39185544681925,1535200
2023-01-26,83.79204559326172,83.97742861308372,81.25525940726432,81.5967485670111,2161100
2023-01-27,84.47502136230469,84.55307814498478,82.77731983658308,83.7920356797107,1455100
2023-01-30,80.39667510986328,84.73848278295354,80.25032045308232,83.83109284360009,3045800
2023-01-31,83.2846908569336,83.42128652005049,80.37713864793395,80.86498242875295,2509000
2023-02-01,83.33348846435547,83.78230390465409,80.8601166182516,83.37739262349304,2623400
2023-02-02,83.25542449951172,84.57260126764511,81.71871206676808,83.40177912795001,2389600
2023-02-03,81.17720031738281,83.08955444564067,81.03085314156655,82.32851191187021,1807200
2023-02-06,81.23575592041016,81.81140806152345,80.50399018203534,80.99183400761855,1502000
2023-02-07,83.84085083007812,84.17258110060791,80.32837632774631,81.30406410305554,2032900
2023-02-08,82.28948211669922,82.93343945495329,82.09434758966135,82.68951757420342,2005900
2023-02-09,82.36754608154297,83.38226208714053,81.88946123791239,82.86514884592093,1975000
2023-02-10,84.69942474365234,84.88480774030704,82.12361048359676,82.16263887467693,1350300
2023-02-13,84.2896499633789,85.1775292397594,83.85059352721845,84.77749375640408,1173500
2023-02-14,83.96766662597656,85.4721766217404,83.0797948426438,83.83107096700229,2383100
2023-02-15,83.91889190673828,84.38234202434784,82.30900589049484,82.44560155791861,2030600
2023-02-16,83.54813385009766,85.78245954371069,82.86027968901985,82.93345328788782,3037600
2023-02-17,82.49439239501953,83.94816488472956,79.90881867730563,83.1285834017085,3570700
2023-02-21,78.41603088378906,80.99184607101276,77.95745642841314,79.62588166714391,5056000
2023-02-22,75.90849304199219,77.38177585715286,74.5425290070646,77.38177585715286,3341000
2023-02-23,77.29398345947266,77.51351171078727,76.1036432332607,76.1036432332607,1584900
2023-02-24,77.6190414428711,77.75613253752978,75.86632832387846,76.11112157709498,1529100
2023-02-27,76.73780059814453,78.4317659231786,76.37061067577899,77.76592789846917,1326200
2023-02-28,73.33027648925781,76.36571175533152,72.85048373826025,76.18946028979184,3584800
2023-03-01,72.801513671875,73.81985452492667,71.31317394541327,72.5860944088548,2594400
2023-03-02,74.59341430664062,75.13196255218192,72.45881644235666,72.58610626834886,1949900
2023-03-03,77.3351058959961,77.55051773389388,74.41716634948364,74.64237948203451,2304600
2023-03-06,77.15885925292969,77.23718743957826,75.73905348149476,76.72802060911503,2295000
2023-03-07,76.277587890625,77.42321865334006,75.70966568551053,77.42321865334006,2203900
2023-03-08,76.44404602050781,76.81612912082164,75.4942468883798,76.13071091748087,1261600
2023-03-09,77.00216674804688,78.5198879379983,75.78799427838418,76.41466442211313,3110500
2023-03-10,75.93489074707031,78.11844297496766,75.63134195075106,77.54073432640713,2895700
2023-03-13,75.49425506591797,76.96791556847474,74.8969587938084,75.32779740857568,2242400
2023-03-14,76.30696868896484,77.45259955376963,75.56279495631014,75.88592390910085,2142800
2023-03-15,75.7194595336914,76.25800027003247,74.7598665843684,75.68029171223964,1957000
2023-03-16,76.79655456542969,77.39385081655207,74.4465373854972,75.02425345959038,1962900
2023-03-17,75.1711196899414,76.82592470953647,74.40247264927925,76.10133866785212,3896500
2023-03-20,75.39633178710938,76.79654967626134,75.3082097903402,75.45507978495549,1629500
2023-03-21,74.92633819580078,76.48322763923841,74.38779735902635,75.96426698159236,2045700
2023-03-22,72.87007141113281,74.74029590290813,72.85049123316877,74.68154042801793,1863400
2023-03-23,71.87130737304688,73.56527266055684,71.25442353601898,73.1148539288924,1655400
2023-03-24,71.91048431396484,71.98881249469005,69.67797054757031,71.04880709149757,2777200
2023-03-27,73.7023696899414,73.85414782395486,71.9104882604684,71.9104882604684,3225500
2023-03-28,73.93737030029297,75.21029097586849,73.29502694482247,73.50653170245273,1752200
2023-03-29,74.29964447021484,74.96548240831417,73.8541264332748,74.70110898561902,2299500
2023-03-30,75.22008514404297,75.8271752191889,74.4171634165267,75.09279531705212,1737800
2023-03-31,76.86510467529297,76.96302051198963,75.13197120721378,75.22009321909093,2984400
2023-04-03,75.02424621582031,76.91405061286565,74.88716257835571,76.37550241532762,1894900
2023-04-04,74.4367446899414,75.36696372864837,73.55549477079632,75.07320877526749,1316200
2023-04-05,74.90675354003906,75.51384364373014,74.10383177476972,74.29966343634798,1204800
2023-04-06,75.35717010498047,75.37675775285726,74.5738360113812,75.01446097212461,1223000
2023-04-10,75.7194595336914,75.75862735514318,74.28007384495594,74.9361180456523,1485500
2023-04-11,75.80757904052734,76.18945594902345,75.56768641394517,76.14050177668933,1371500
2023-04-12,75.21028137207031,76.32653807802896,75.06341138746866,76.3069579035813,1171100
2023-04-13,75.53341674804688,75.97404168058334,74.5836175902922,75.09279181551041,1324700
2023-04-14,74.83820343017578,75.03893571690574,73.92757211065506,74.7304937870767,1328400
2023-04-17,73.47715759277344,75.22497786460295,73.1050744673262,74.98508521247852,1093300
2023-04-18,72.9288330078125,74.36821152971369,72.62528419514655,73.77091519993512,1235200
2023-04-19,73.19319915771484,73.82966325318606,72.95134175556593,73.40861846422808,1039300
2023-04-20,74.87738037109375,74.9752962029725,73.13445316395503,73.18340734464485,1926900
2023-04-21,74.95569610595703,75.36204632674476,74.37798015154702,75.22006952882457,1178900
2023-04-24,75.68029022216797,75.7243512189969,74.02548528327836,74.83820075378019,1094300
2023-04-25,75.32777404785156,75.5333994673584,74.26047166603429,75.04381300077168,1722400
2023-04-26,74.28006744384766,75.36695011635287,73.88839673358045,74.91653141421969,3100600
2023-04-27,75.15153503417969,75.63132775894515,74.39757503811967,74.68152866160484,1865700
2023-04-28,75.78800201416016,75.85654383467362,74.71091306159227,75.2984154474931,2233400
2023-05-01,75.4452896118164,76.03279197202146,75.16132851910945,75.90549468913686,1788300
2023-05-02,75.19071197509766,75.78800823308356,74.36820259094546,75.13196397283635,2554000
2023-05-03,74.91654205322266,75.983837233009,74.56403911097247,75.59216646712008,1607000
2023-05-04,76.95321655273438,78.69615108659494,73.3498664256478,75.37675460738325,3830400
2023-05-05,77.83447265625,78.77447799652525,76.64967402515832,77.47218336696065,2359300
2023-05-08,77.07072448730469,78.1869813783891,76.45384803817876,78.07927172481965,2360100
2023-05-09,77.30572509765625,77.45260257925294,76.18946819031991,76.35593332039564,3158300
2023-05-10,77.80021667480469,78.45136781852977,77.10500452531234,78.1869868429274,1629400
2023-05-11,77.74813079833984,78.1706752726773,76.88338443386831,77.21749302844344,2497400
2023-05-12,78.46546173095703,78.99609945145397,77.49262965859934,78.07239591979928,1991000
2023-05-15,78.878173828125,79.68395533020933,77.80707722655833,79.2319322921724,2048300
2023-05-16,77.63020324707031,78.79957199885357,76.97182230997677,78.79957199885357,3709100
2023-05-17,78.99610900878906,79.23194552517366,77.34523839988154,77.71864684224946,2329500
2023-05-18,79.98859405517578,80.05738001424608,78.18245844911775,78.87818250533178,2849300
2023-05-19,80.87298583984375,81.79177127742005,80.11633283481056,80.31286949064697,2444800
2023-05-22,82.08164978027344,82.50419419510224,80.8828024871728,81.29552569259394,1908300
2023-05-23,82.58280944824219,83.09378973406159,81.72298130116917,81.91459984548976,2232200
2023-05-24,81.86547088623047,82.90709645818508,81.11865405756217,82.58281658680939,2430300
2023-05-25,81.315185546875,81.75737993167067,80.4799253216458,81.75737993167067,1863100
2023-05-26,82.39610290527344,82.49436748146893,80.88280444112178,81.51170672530083,2267100
2023-05-30,82.24870300292969,83.57038293093012,81.69350476893113,82.40593232388598,2198200
2023-05-31,82.56315612792969,83.08397264325863,81.02037899030086,82.0816544408894,5214700
2023-06-01,87.33888244628906,87.61599798843079,83.31980368391832,83.40332894580186,3646900
2023-06-02,86.02213287353516,87.50595287631859,85.75681024206216,87.1227157393975,3225600
2023-06-05,85.99263763427734,87.27009201152072,85.66835781272783,86.29726004397817,1819000
2023-06-06,87.99726867675781,88.33136971611995,85.62905279133751,85.62905279133751,2311500
2023-06-07,89.23543548583984,89.3042214501549,87.58456484517086,87.99728812816898,2452100
2023-06-08,90.69960021972656,90.86468652419828,89.48109535752002,89.90363982647236,3075700
2023-06-09,91.67241668701172,92.1440896199211,90.49321936052606,90.69958470291827,2530100
2023-06-12,92.12445831298828,92.38977345420234,91.26954064088501,91.38746264648437,1720700
2023-06-13,92.61577606201172,93.67705147560878,91.96721636577797,92.33080354370658,2429900
2023-06-14,91.58397674560547,93.3527690528172,91.16143233316636,92.89091731165044,2573200
2023-06-15,91.8394775390625,92.12445007093476,91.34814713868418,92.09497144644916,3712300
2023-06-16,91.27935028076172,92.88108449573684,91.1319496788313,91.96720976029556,4963400
2023-06-20,90.39495849609375,91.74120639578625,90.29669392246873,91.51519112905297,1846900
2023-06-21,88.93079376220703,89.45652083775481,87.63859253664351,89.30420213097962,2684900
2023-06-22,87.70246887207031,89.112584599959,86.34148168170053,88.93079476663712,3205600
2023-06-23,88.79322814941406,89.12732921400423,87.57473088869293,88.0857111925093,2875900
2023-06-26,89.05854797363281,89.61866434464532,88.134851895099,88.68513955866018,1890400
2023-06-27,89.27474212646484,89.43688207618129,88.41983193336976,89.39266413456075,1472800
2023-06-28,88.97992706298828,89.32385679959636,88.1544881980229,89.32385679959636,1605400
2023-06-29,89.29440307617188,89.7611655272199,88.57705728514361,88.94064453499466,1738700
2023-06-30,89.96260070800781,90.68976761269312,89.46144159263352,90.45393111603165,2667100
2023-07-03,90.01171875,90.14929064842931,88.76374295793235,89.43195253477737,1089100
2023-07-05,90.5423812866211,91.59382822592102,89.76607821971992,89.8348641878196,2087300
2023-07-06,89.42213439941406,89.8839861832119,88.29207295978027,89.8839861832119,2263300
2023-07-07,89.74640655517578,90.11981493480314,89.08802566329076,89.42212671394056,1334000
2023-07-10,91.97704315185547,92.00652177432205,89.79553512405097,89.79553512405097,1539300
2023-07-11,92.72386169433594,92.7926476415545,91.24987068499033,92.21287394605012,1260900
2023-07-12,94.39439392089844,94.4926659984507,92.44872973791723,93.29381862453958,1532600
2023-07-13,93.61809539794922,94.40422707273777,93.2348582681943,94.18804048731556,1462400
2023-07-14,93.35276794433594,93.87849502558085,93.05698461000881,93.24467466589505,1259900
2023-07-17,94.51231384277344,95.23948071864841,92.83196481356016,92.83196481356016,1951400
2023-07-18,93.71636962890625,94.97417433972171,92.26202824633371,94.33544327644927,1925300
2023-07-19,93.08744812011719,93.8834008599151,92.30131658905576,93.18571268722339,1785300
2023-07-20,95.21000671386719,95.63255116840998,93.58861485354682,93.84410876718148,1600300
2023-07-21,94.9250259399414,96.44815308506776,94.64005342582263,95.88803676341541,5081100
2023-07-24,94.87590789794922,95.1313943205785,94.09960492817419,94.92503644209762,1077800
2023-07-25,95.82908630371094,96.45799616808807,94.23718046654447,94.28630901257978,854800
2023-07-26,95.6521987915039,96.53659501201737,94.99381785399657,94.99381785399657,1243000
2023-07-27,93.76549530029297,96.05509685061594,93.54930871653958,96.03544693259619,897900
2023-07-28,94.07994079589844,94.98399440954961,93.60826782079126,94.5909285988891,1135900
2023-07-31,94.97415924072266,95.01346656882498,93.74583335167323,94.17819896658638,1170200
2023-08-01,94.63024139404297,95.40653685611312,94.40422610330235,94.57127664591961,1469600
2023-08-02,93.89324188232422,94.36000426013626,92.79265909388903,94.32560753372881,2040300
2023-08-03,99.38631439208984,101.77810896043418,94.09960189769068,94.30595976952577,3511000
2023-08-04,102.13777160644531,102.88950656030035,100.02504927004243,100.15279248215708,2723600
2023-08-07,101.9510498046875,102.8354459530169,100.99295710112496,102.76666000243051,1759800
2023-08-08,102.99267578125,103.11059777590201,101.17475480539612,101.17475480539612,1207300
2023-08-09,103.2874755859375,104.06377850479946,102.4993797180633,102.80597390106097,1646700
2023-08-10,103.88690185546875,104.99730586991548,103.28747816262302,104.13256705754955,1563700
2023-08-11,104.99239349365234,105.14708909868182,103.4454900634673,103.88887462401217,1414100
2023-08-14,105.42591094970703,106.01708277870377,104.15784162588344,104.89385404846267,2404000
2023-08-15,104.67710876464844,105.01703469677982,104.06623435180624,104.82490362868283,1709600
2023-08-16,103.55386352539062,104.88400205800959,103.4553361372629,104.83474212252464,1835200
2023-08-17,103.27799987792969,104.58350488706175,103.0316776107607,103.92829427149216,1800600
2023-08-18,103.22872161865234,103.9873983317751,102.97255189994956,102.992254371712,1669000
2023-08-21,104.54899597167969,104.88990656060564,102.7459156497252,103.06120776745847,1377000
2023-08-22,104.69681549072266,104.97761895818806,103.95784871075429,104.10564357017972,1276900
2023-08-23,106.84473419189453,107.65267081545066,105.37664827085634,105.37664827085634,1393500
2023-08-24,105.34710693359375,108.62812138358345,105.26828200284801,107.29798262517548,1498700
2023-08-25,104.31254577636719,105.85944915585652,104.01695607902445,105.2485672893554,1383800
2023-08-28,103.81990051269531,105.77076844560267,103.68196065954663,104.741143285615,1088000
2023-08-29,103.98738861083984,104.60811789496569,103.25827694925682,103.68195146554646,1131500
2023-08-30,104.18445587158203,104.70468833889528,103.54401652358204,103.79033877149293,1167400
2023-08-31,102.62770080566406,104.5293012657575,102.24343119875917,104.3913614139078,2035500
2023-09-01,105.71165466308594,105.82989204585276,103.65239680355737,104.07607136202392,1338800
2023-09-05,104.48989868164062,105.15989548453204,103.6041218494995,104.98254316855612,1433200
2023-09-06,105.07122039794922,106.2043042733729,104.43078103208727,104.76578320751173,1337800
2023-09-07,106.94326782226562,109.3227416339644,105.60327419517449,106.27327100872006,1951100
2023-09-08,107.04179382324219,108.0467927890466,106.63782925173288,106.63782925173288,1428100
2023-09-11,108.3620834350586,108.77294875212971,107.05164731043155,107.19944215828151,1820700
2023-09-12,106.90386199951172,108.4753992381025,106.55901233520314,107.928563514285,1557100
2023-09-13,107.66250610351562,108.47044263560204,106.91369201232332,107.17971668629691,1894600
2023-09-14,110.80560302734375,110.96325287983304,107.9137821398166,108.14532566243605,2308300
2023-09-15,108.31280517578125,111.02234955317151,108.18472032957222,110.8055848002351,4287700
2023-09-18,109.11090087890625,110.59868936176193,108.78576122455797,108.80546369684998,1358500
2023-09-19,108.91384887695312,109.74148804326838,108.6773816176,109.45575332618564,1972100
2023-09-20,108.5098648071289,109.54442116810962,108.29310756163112,109.29809894093877,924500
2023-09-21,108.32267761230469,109.01237692165705,107.89900303165717,108.01723290345548,1443800
2023-09-22,108.73649597167969,109.1109030900832,107.01716393946792,107.84973435739914,1210500
2023-09-25,110.55927276611328,111.25882702227908,107.88421686085586,108.10590537235461,2115200
2023-09-26,106.89398956298828,110.07154472955979,106.34223019012161,110.01736105708537,2309700
2023-09-27,109.1207504272461,109.65280735847628,107.37679230584553,107.37679230584553,2819500
2023-09-28,107.71179962158203,109.34738306764275,107.23393382662809,109.1404657501675,1550700
2023-09-29,107.47532653808594,109.08134491108348,107.04179697011861,108.42120308143036,2867500
2023-10-02,103.18931579589844,106.70679707244314,101.24829534745422,106.70679707244314,2892500
2023-10-03,103.34696960449219,103.37652707374767,100.89852567237703,101.6916836717546,2557000
2023-10-04,104.59828186035156,105.03180390044471,102.69174256991745,103.10063839920544,1973900
2023-10-05,106.29297637939453,106.90385827571859,105.04166263615942,105.40622227839197,1589200
2023-10-06,108.54927825927734,108.95325032377156,103.58342121199273,104.98253718817169,2095800
2023-10-09,109.74149322509766,109.84692138000834,108.35223955399611,108.54929435990191,1258400
2023-10-10,111.33765411376953,111.82044360644969,109.32766370381593,109.32766370381593,1464400
2023-10-11,113.37721252441406,113.48362542738614,111.6431016634422,112.23428111677191,1353300
2023-10-12,114.01764678955078,114.45117636457313,112.77618051745137,113.21956508749479,1299700
2023-10-13,112.01750183105469,115.66306789688554,111.3277950637637,115.05218604879774,1699400
2023-10-16,115.11131286621094,115.39704757130004,112.92397013682137,113.08161246405358,1701700
2023-10-17,115.42660522460938,116.25424435752394,114.00778669143202,114.34278885272482,1214600
2023-10-18,114.36248779296875,116.89960382497138,114.10631056191006,115.60395397115983,1050700
2023-10-19,112.60868835449219,114.8945586889414,112.43133602176944,114.29353175677872,981000
2023-10-20,110.45089721679688,113.10132707596662,110.27354489318778,112.43133024423875,1654400
2023-10-23,110.46074676513672,111.36721081126102,108.77491878477397,110.18486705693874,950800
2023-10-24,112.58898162841797,113.60383571113529,111.59384505437788,111.59384505437788,1930900
2023-10-25,110.38191986083984,112.5889650039373,110.02721523748299,112.5495600610382,1575000
2023-10-26,111.06177520751953,111.36721238632161,109.50501681249003,110.35236593802972,1652700
2023-10-27,109.15031433105469,111.69236175782306,108.27636196480995,111.33765711608058,1128700
2023-10-30,111.36721801757812,111.56428033415547,109.86465074124544,110.214431654946,1271600
2023-10-31,111.25882720947266,111.84015160296822,109.53457153489079,111.45588951114834,1942000
2023-11-01,113.16044616699219,113.6826481620293,111.17016558865393,111.91897985613863,2751300
2023-11-02,115.46600341796875,116.16555760353559,112.69733662147311,113.2195460294651,1894600
2023-11-03,115.34778594970703,116.92424688755511,115.13102116128566,116.90454441458895,1853200
2023-11-06,122.89510345458984,123.77594907704682,116.32321994165541,117.2395390360301,2530800
2023-11-07,118.10658264160156,123.13549349721632,116.91438397978409,122.60935259456413,2271500
2023-11-08,119.3973159790039,119.69290567264301,117.2148970327201,118.64849426770084,1730200
2023-11-09,118.85540771484375,122.52561520265074,118.74702532497474,119.8012842396618,1603200
2023-11-10,119.9786376953125,120.91959049029637,119.59043659733243,119.6633455173841,1219700
2023-11-13,119.92935943603516,120.43776733753155,119.13127787694313,119.59435731975778,891600
2023-11-14,124.65877532958984,124.84598266664152,121.56496811464407,122.22511753371495,1433300
2023-11-15,120.19539642333984,125.36816339008102,119.89981424982092,124.71787659461292,1982200
2023-11-16,120.15786743164062,122.29102628418872,119.99985985066044,121.47133982503874,1474500
2023-11-17,120.17761993408203,121.98487067971811,120.08873455027111,120.6812761489014,1487900
2023-11-20,120.76028442382812,121.32320007606579,119.97023146580743,120.92816982976781,1041600
2023-11-21,120.98744201660156,121.64911341651192,120.33564091132196,121.37259447533005,984700
2023-11-22,121.7182388305664,122.30090264528876,120.45908312885228,121.37259016636027,1376700
2023-11-24,122.3206558227539,122.75518986870262,121.52072499687164,121.54047311960765,532500
2023-11-27,123.54524993896484,123.82176888055375,121.8367546779008,122.38979256107861,1073200
2023-11-28,122.9033203125,124.927845727447,122.22190082295266,123.42673975012497,2003000
2023-11-29,119.0814208984375,122.39966306815386,118.27161224598146,122.01451063189889,2078800
2023-11-30,119.53570556640625,120.34551423580189,119.01722880380963,119.0912936836481,2650000
2023-12-01,118.3901138305664,119.43694514306334,118.16297651835633,119.12092244399787,1454900
2023-12-04,117.4420394897461,118.06421456093038,116.58285682508219,117.52104704395602,1946900
2023-12-05,116.8396224975586,117.46179758164627,114.44476529568172,117.22971759545091,1805900
2023-12-06,111.2302017211914,118.18270763477665,110.82530122810917,117.85680715416147,2629800
2023-12-07,109.15631866455078,112.03015645125416,108.08973922610981,111.852393211514,3497000
2023-12-08,109.82786560058594,110.22289585133603,108.28725591069342,108.62302672635704,2627300
2023-12-11,114.70648193359375,114.85461923098678,109.29458440625638,110.16365253252167,2582900
2023-12-12,113.0671157836914,114.9533819138381,112.43507030861878,114.71636674432996,1846200
2023-12-13,114.98299407958984,115.29901677922912,112.11903412591016,113.16585790573237,1731100
2023-12-14,114.1633071899414,116.34584012852638,113.9361698781594,115.19038284361235,2456400
2023-12-15,117.27416229248047,119.36781741806503,114.1731871512601,114.23243905377525,6046800
2023-12-18,117.87657165527344,120.02947849900283,117.43216735531632,118.08396083089175,2019800
2023-12-19,119.3085708618164,119.54559356661782,117.77289610103985,118.28149507807287,1012700
2023-12-20,115.55579376220703,118.63207821775626,115.54591593321526,118.3407463063938,1324300
2023-12-21,116.8396224975586,116.9581338313313,115.35826473098828,116.02981388654983,904600
2023-12-22,113.89667510986328,116.51374229135708,112.60295072835234,113.57077455718354,1188400
2023-12-26,116.10883331298828,116.37547442301836,114.15343754598905,114.15343754598905,740700
2023-12-27,115.960693359375,116.29647173108471,115.4274036169484,115.822433892958,541300
2023-12-28,115.654541015625,117.30378421193348,115.4965259015815,117.23465448318328,559700
2023-12-29,115.43727111816406,115.81254570278223,114.48920306130621,115.279263542642,849900
2024-01-02,113.81767272949219,115.77306860005847,113.54115377568161,114.95338203370825,1362800
2024-01-03,114.41020202636719,115.70984850305413,114.06455337155033,114.06455337155033,1372400
2024-01-04,113.9262924194336,115.6535561760991,113.57076594067934,114.76572700860177,1348900
2024-01-05,114.79535675048828,116.19968864831792,113.67940320422949,113.67940320422949,1729900
2024-01-08,115.5755386352539,115.70392780480866,113.60039482869514,114.74598185309556,1351700
2024-01-09,115.04225158691406,115.47678564555754,113.73865694555947,114.99287751134376,1514000
2024-01-10,114.41020202636719,114.98299553124973,113.53619879344946,114.57808743948172,1090500
2024-01-11,111.50674438476562,113.85716274244724,110.0945162975489,113.57076599361864,1609300
2024-01-12,111.50674438476562,112.99797249596139,111.33885143919333,112.52394221378509,1556900
2024-01-16,110.42040252685547,111.43266514692105,109.91674632471846,110.9734478682829,1417000
2024-01-17,110.52903747558594,110.6080450303342,108.0798635549906,109.8476180359637,1484500
2024-01-18,110.02538299560547,110.50929109053543,108.8797960374812,109.98587921761063,1614900
2024-01-19,113.02759552001953,113.18561063303696,110.06487996212046,110.06487996212046,1684200
2024-01-22,115.7532958984375,115.9162461582083,112.90909167639566,113.03747330474145,1876700
2024-01-23,117.21491241455078,119.06166706421033,115.70392859771088,116.26684428505467,1929400
2024-01-24,114.2324447631836,118.03459523431115,113.90654421391027,117.65932060866596,1514600
2024-01-25,119.05179595947266,119.09129220517899,115.58541646912614,116.43472890875036,1425800
2024-01-26,119.7628402709961,120.88867916197346,118.57775701201813,118.57775701201813,1558800
2024-01-29,119.50607299804688,120.22897029588981,118.51355845570703,119.58507302064217,1801500
2024-01-30,120.365234375,120.78989050135507,119.19989948415866,119.82207446845449,1285500
2024-01-31,120.48377227783203,122.63667932975336,119.85666200916376,121.25407715735491,1666100
2024-02-01,126.04379272460938,126.11292245284787,120.4837659117832,120.4837659117832,1937400
2024-02-02,128.09796142578125,131.41620370700227,124.8587191725315,125.43151269913443,3781700
2024-02-05,125.45124816894531,126.82397240779565,124.28591310993117,126.31043837218819,1878000
2024-02-06,129.3817901611328,129.8607631389788,125.60927331089489,126.17218899671921,2656900
2024-02-07,130.85328674316406,132.13713332504068,129.18428769363967,130.32000450686428,2087600
2024-02-08,129.09539794921875,132.30500657388967,128.55223039890578,130.90265630617773,1228700
2024-02-09,130.52737426757812,130.863145091973,128.38434508484463,128.4041007419123,1245300
2024-02-12,126.91285705566406,130.54712941522743,126.36969704163148,130.18173264123243,1206900
2024-02-13,126.32032012939453,127.20912877503203,125.15498503413221,126.32032012939453,1503700
2024-02-14,127.07086181640625,127.826353641346,126.10304567086409,126.70546507219284,1372300
2024-02-15,129.86569213867188,129.98419593294423,127.22887723206298,128.30532688110316,1348900
2024-02-16,129.52992248535156,131.01128020342975,128.86825117957466,129.6286706250668,1295700
2024-02-20,130.16195678710938,130.41872001154098,127.78190530561533,129.37189639074077,2121200
2024-02-21,129.76693725585938,130.93325938931793,128.5226021287199,130.64587561445052,983400
2024-02-22,131.7322235107422,132.3938949174979,130.01384287063257,130.7545218427079,1529900
2024-02-23,132.32476806640625,132.4827681223414,129.7175787790791,131.83098210237344,2052200
2024-02-26,131.5643310546875,133.51971921710955,131.27792676206496,133.00617760455123,1494700
2024-02-27,153.82420349121094,154.72289759389926,133.32221496966022,133.32221496966022,4888300
2024-02-28,168.7069091796875,168.85503893675863,154.55500207002535,156.51039020912083,8227500
2024-02-29,166.35650634765625,169.17701485345503,161.3396385995754,169.05257378490867,4536900
2024-03-01,167.8773651123047,168.19338030770007,162.99875715470344,164.9640157366824,4557600
2024-03-04,173.8027801513672,174.83479095508773,167.5119370444796,170.8104385679839,3818200
2024-03-05,174.5730743408203,183.2735796390398,173.23984635997837,175.18536404533882,4323800
2024-03-06,177.7432098388672,178.56289643252134,172.8349756415058,174.57311205953036,2073600
2024-03-07,177.69668579101562,180.14078327594396,174.36203294910564,179.84392645736176,1967800
2024-03-08,168.7811737060547,177.9440550700955,166.6933014879413,177.69667691675866,3196900
2024-03-11,166.14906311035156,169.16707953868203,164.65488943174847,168.52388729398908,2601700
2024-03-12,166.604248046875,167.28701422395415,162.47798191014184,164.82313727038309,2617000
2024-03-13,166.09959411621094,169.51340974066923,164.6944879643584,169.4441517064922,1639000
2024-03-14,162.9133758544922,166.6240486054589,161.5577482410775,166.08971837277676,3012300
2024-03-15,163.7841339111328,166.62403031316512,160.96401689048932,162.45817551862464,4532000
2024-03-18,167.06930541992188,169.28581910149524,164.44710304337917,165.93137195812355,2006800
2024-03-19,170.6018829345703,172.18509414616204,166.49539629779198,167.22764110861593,1922200
2024-03-20,173.86727905273438,174.91616007415143,170.8403540978115,171.10653022965008,1969200
2024-03-21,172.30384826660156,175.9452476914551,170.5622962818757,175.59892731177644,2212100
2024-03-22,176.37074279785156,176.49936917710684,172.38794526303576,173.16471632855604,1608400
2024-03-25,185.296142578125,187.06737876463356,177.65710333398744,178.11228581898166,3570600
2024-03-26,183.46554565429688,196.74480372082576,182.54529103044328,187.90844782819084,4228700
2024-03-27,182.9510040283203,188.12615126492454,180.4277436024755,186.1075519835081,2452100
2024-03-28,182.9114227294922,184.87065358458707,181.4123116413393,183.08952776233485,2050800
2024-04-01,184.02952575683594,186.8298478711721,181.47658176109385,184.07900440030718,1977500
2024-04-02,186.1570281982422,186.39450158190408,182.1890726268825,182.74814971552902,1875500
2024-04-03,188.2646942138672,191.1837689648336,184.91024652699716,186.5033626908951,2555800
2024-04-04,181.18968200683594,193.44974449382377,181.04126113240864,191.41135062493447,3747800
2024-04-05,191.05511474609375,192.80655646024908,179.5173929909768,180.4079634840502,4331400
2024-04-08,189.96664428710938,195.5672898036851,186.1372349622807,192.821398095361,1663500
2024-04-09,186.1273193359375,192.7966243543767,183.10930299585456,190.58012587412966,1958600
2024-04-10,189.07606506347656,191.79722465078015,180.58604533923776,181.57555791643904,3861900
2024-04-11,190.85719299316406,192.24250457822396,188.0073919053107,189.56093391740862,2267300
2024-04-12,189.65989685058594,191.2233287239323,188.3537479417081,189.94686398806766,1801900
2024-04-15,183.4556427001953,193.94448302579,182.8421496773308,192.05451020525342,2531500
2024-04-16,184.69253540039062,186.3004935029346,181.1896671619977,183.08952969284397,2982700
2024-04-17,183.4556427001953,187.0574682095808,180.71470347956415,185.94921885246683,3282900
2024-04-18,181.93179321289062,186.293569607705,181.16986425822208,184.17799111628872,1654200
2024-04-19,179.00282287597656,184.00976930306402,175.78690693360332,181.37766216960287,3442500
2024-04-22,181.2985076904297,181.92190548723465,176.3410547836781,179.69550204009084,2327500
2024-04-23,186.27574157714844,187.7600104343369,182.0406289792052,182.0406289792052,2387300
2024-04-24,184.2076873779297,192.33157816855027,181.72104148611874,184.77170176410874,2266400
2024-04-25,186.0382537841797,188.53084828111523,183.46057775404185,183.6535399535672,2908900
2024-04-26,186.39447021484375,187.3938875321207,183.6832155491925,184.95472767361605,1826600
2024-04-29,186.63197326660156,188.42298866809108,184.18787592129124,186.45385314612128,2205500
2024-04-30,183.989990234375,187.4136956537156,183.76240654550634,186.6319872795501,2173200
2024-05-01,182.62448120117188,186.23125960949355,181.9911936087915,184.2967602604114,2717000
2024-05-02,184.2274627685547,185.21697544454545,181.67453335141187,183.05984505829286,3071000
2024-05-03,192.81646728515625,195.20119678744865,186.02840878613694,187.34446263886966,3480200
2024-05-06,195.6266632080078,196.82398025174604,192.0842058316876,195.67614186413627,2708000
2024-05-07,198.4566650390625,202.92926667844398,195.28033772188363,196.61617080993216,2797300
2024-05-08,205.81863403320312,206.08580668003503,196.03235439394035,196.45783759189027,3992100
2024-05-09,213.64569091796875,213.68526478255586,200.8710783230781,203.275586939341,4313500
2024-05-10,212.6759490966797,218.20733634973132,209.63815307711974,218.20733634973132,2744700
2024-05-13,211.34999084472656,216.38166901714925,210.36047825299275,214.7242324062423,1919300
2024-05-14,215.4564971923828,215.6247125367662,208.55959257883683,212.31974379678934,1951000
2024-05-15,220.9680633544922,222.3632797888003,217.45529049243692,217.83131012406264,2682200
2024-05-16,214.07115173339844,222.44243495225018,213.9722095329004,221.38364922544946,3539800
2024-05-17,210.87503051757812,215.428772449291,207.70859322142078,214.09094646342436,3057300
2024-05-20,212.81448364257812,212.9826989739225,208.93558093608567,211.7062192555385,2326200
2024-05-21,220.25564575195312,220.33480858608849,213.24000377579458,213.66548702315959,1881100
2024-05-22,217.8016357421875,222.05159087422157,215.5752322209434,219.77077140319884,1573700
2024-05-23,218.8406219482422,225.6583635230584,218.42502844585854,221.4331402673441,2658300
2024-05-24,228.2113037109375,233.8218385363221,219.31557969182765,220.96806397947935,2672000
2024-05-28,228.84458923339844,232.31777311496248,219.49369793783035,230.29917400146064,2602200
2024-05-29,218.75892639160156,226.82587158954814,216.92552356949497,224.74471244671614,3809400
2024-05-30,222.94107055664062,223.26809561662733,218.02557814129696,220.33466903350595,2037800
2024-05-31,215.3002471923828,222.46535590280413,206.13326313470944,222.04912708994212,5618300
2024-06-03,206.3909454345703,215.25071497618833,202.21873694708515,213.56597481178738,4922600
2024-06-04,201.31689453125,206.628791158225,195.07343163015722,205.1323482824309,4666700
2024-06-05,207.45132446289062,210.93973769582226,202.61511623917943,202.65476571876323,4502200
2024-06-06,200.78173828125,207.92702245564382,194.44908701561178,207.61980702226623,4842100
2024-06-07,196.2230224609375,202.16917465672347,195.74733451939179,200.2664077686936,4558700
2024-06-10,212.7037811279297,212.84252407559018,196.35384339835667,197.739291912984,5719100
2024-06-11,216.35072326660156,217.5895048483322,208.56126407580533,209.26489866784036,3701900
2024-06-12,216.17236328125,219.77969493113164,210.2460208321363,219.28418225877513,3137900
2024-06-13,217.95619201660156,218.38234076882762,212.19833730979198,218.33278647831114,2238200
2024-06-14,212.97132873535156,216.90570034571735,209.06670179577878,216.83633643878923,2373800
2024-06-17,210.1171875,212.79295277493222,206.83689618961102,211.9505752245619,3321100
2024-06-18,218.43190002441406,219.21480339372326,207.23827056194546,210.88027660907247,2714700
2024-06-20,220.3148651123047,225.72587071658876,217.32196402268792,221.81132321803722,3075100
2024-06-21,216.17236328125,222.56447373027987,213.80381331225965,220.99865187101165,5511600
2024-06-24,214.1605682373047,218.86793829929306,213.41828220011556,216.04351021336177,2474100
2024-06-25,220.3743133544922,220.46351713309448,212.2578129091629,214.5569990956026,2221900
2024-06-26,208.4225311279297,220.2058214929521,205.58819812827844,218.59046051584698,4237000
2024-06-27,202.9421844482422,206.05400366447427,199.4537707331397,205.72696346101017,4733600
2024-06-28,198.47264099121094,205.43954763786897,197.65008817789573,203.40794274925628,10579100
2024-07-01,203.20977783203125,211.67312878318458,201.31691553474252,206.3215972364041,4168400
2024-07-02,204.2998504638672,209.89915223305113,201.27723553071795,201.63400522773117,1905300
2024-07-03,208.1846923828125,210.5234975778097,200.19701574890536,203.46740226882497,1612700
2024-07-05,209.39373779296875,210.85054625500706,206.20265010481214,208.1153217557957,1601600
2024-07-08,213.79388427734375,214.4875989647347,209.3540951561955,209.92889164627547,1634400
2024-07-09,214.0218505859375,220.37431186424564,213.1299186588788,215.09214470345202,1773200
2024-07-10,217.57962036132812,217.98594438732908,211.82176545115962,216.22190533808674,2584300
2024-07-11,214.89395141601562,218.56372150043146,213.25876549913653,217.58954180544944,2438200
2024-07-12,215.1912384033203,219.15533970217257,210.40162038844312,214.31913127858198,1760700
2024-07-15,210.969482421875,217.6787131878287,209.73862457581194,215.05250204568694,2164300
2024-07-16,203.04127502441406,213.08035136288964,202.2286269930263,212.21816416233875,4049600
2024-07-17,184.99468994140625,201.23759391617185,184.10277322494173,200.3159476506149,6748700
2024-07-18,185.5992431640625,191.10934219009428,176.47190733134278,188.66150814393404,5484900
2024-07-19,187.60107421875,188.23532974469714,184.72709205286088,186.3325631668557,2827000
2024-07-22,188.7110595703125,195.053631361957,186.91730597097228,190.5147331018831,1868800
2024-07-23,188.16598510742188,190.4374226704678,186.61008311553482,187.96778305468973,1856600
2024-07-24,173.50872802734375,186.60016503129364,173.13213353813074,186.60016503129364,4910100
2024-07-25,168.9004364013672,175.2529122705895,164.38136340521433,175.11416933200044,5542000
2024-07-26,173.4690704345703,175.48086580513032,169.90138825129435,174.95560845806367,3469300
2024-07-29,171.13026428222656,175.5601491715377,169.59220599852674,174.47003026980988,2100100
2024-07-30,167.1760711669922,173.45916834905444,164.26245417569254,171.91317119983756,3517100
2024-07-31,188.09661865234375,194.73648562116415,181.35764309757272,191.54538271319677,7483700
2024-08-01,175.9763641357422,192.52648309059356,175.03487803345982,186.60213718253743,4482100
2024-08-02,165.5804901123047,173.7564479077074,159.9891276990831,172.9041656417371,6099200
2024-08-05,168.444580078125,171.2095341531279,154.20355062672013,154.83780624633152,5430800
2024-08-06,179.4152069091797,182.18017586040136,166.87874338451246,172.08162601379138,6322100
2024-08-07,178.047607421875,188.3839939491908,175.31236794055587,188.3839939491908,6154900
2024-08-08,185.35147094726562,185.9460922090408,174.8366913251971,181.6053963148837,3338800
2024-08-09,188.16598510742188,188.39393183381878,181.427024583445,185.40103093546722,3204000
2024-08-12,185.99456787109375,189.46961714876323,182.3904404865354,188.64553221634296,2232300
2024-08-13,188.05975341796875,189.489490490015,185.73643825090036,187.9902451561268,2349000
2024-08-14,184.82298278808594,188.53632683081955,180.91108266928669,187.61296381204585,2327900
2024-08-15,189.03277587890625,191.20716656123068,184.1677123198352,185.0712137350813,4241900
2024-08-16,188.6256866455078,189.99585389705348,184.50527678182047,189.85685252008608,2572300
2024-08-19,191.40573120117188,191.50502439283696,184.23719908335528,188.2583309455676,2025100
2024-08-20,189.36041259765625,192.12059355664994,188.2871250414844,191.62415791438468,2507000
2024-08-21,195.33749389648438,195.92328429413516,189.61854583802477,190.11498145976535,2404200
2024-08-22,193.56024169921875,197.39074057050252,193.32196230194637,194.1758321588683,1520300
2024-08-23,193.5999755859375,195.9232907360706,191.14758232190363,193.6198221034504,2683300
2024-08-26,193.5006866455078,196.57859372906339,191.70359202027592,194.10633874323918,1953400
2024-08-27,194.74176025390625,196.88636572256652,192.1900890995381,193.50067123037772,1703200
2024-08-28,192.38865661621094,196.04241535925945,191.0383511785599,195.78427430133064,2493200
2024-08-29,193.0538787841797,197.6905854757546,190.93905827763237,194.51340066193598,2463800
2024-08-30,195.29776000976562,196.39984763647857,193.75880663552508,193.86802307240697,2239400
2024-09-03,176.5126495361328,194.40419369534519,175.91692072638705,194.1063292904723,4252300
2024-09-04,176.25450134277344,181.4472135261701,174.74533286241277,176.41334922227531,3310400
2024-09-05,174.8148651123047,178.46862439253437,173.86170195441053,176.7013146091602,2444900
2024-09-06,171.87594604492188,175.38078041376187,170.7142884777722,174.5566954421914,3390300
2024-09-09,173.67303466796875,175.092848412514,169.82068942683887,175.092848412514,2184400
2024-09-10,178.96505737304688,179.9132513119432,172.62061017536496,175.58930090840147,2301800
2024-09-11,185.91514587402344,186.80872395974103,177.86792844815554,180.23592098031654,2846900
2024-09-12,188.5760498046875,190.31357468166436,182.87697790421277,185.66694399695612,2154600
2024-09-13,194.5828857421875,196.3998417834314,187.83135882254084,190.08518059829302,2613600
2024-09-16,197.82958984375,198.10759257230734,191.31635708895652,193.60988717456084,2264000
2024-09-17,199.79550170898438,203.24076657774614,196.8367492659319,198.57427416487454,2881700
2024-09-18,198.90191650390625,203.49196177976663,197.005528616667,200.52030162914352,1796000
2024-09-19,207.01364135742188,207.15264271684126,201.0266293445535,203.6478086578988,3432600
2024-09-20,253.16229248046875,253.42044868658647,231.3389879062515,233.4835933185527,15031400
2024-09-23,255.28704833984375,269.9120526107069,250.3127688822463,257.70965658905715,10270000
2024-09-24,251.68295288085938,257.59053412317417,249.29806800398705,252.26874331555646,4562700
2024-09-25,260.9861145019531,265.18597067308485,251.43471335783246,252.6261557925456,6246200
2024-09-26,254.93954467773438,268.19438217081085,252.68573780648762,261.94921340859986,4072200
2024-09-27,255.1679229736328,260.5294219099605,253.5197529869049,255.34663253483737,2598100
2024-09-30,258.1663818359375,259.25854631459663,249.4837272556447,255.91257491636185,2899300
2024-10-01,263.71649169921875,264.10372599186445,252.1495640077114,257.25292111448607,3179800
2024-10-02,263.4881896972656,267.79724749108294,259.7847688507233,263.0215389755835,3233600
2024-10-03,275.3926696777344,277.51742851090836,266.08947172692723,270.20988099403735,4274200
2024-10-04,283.4845886230469,283.96117773144465,273.6353227830337,275.92885294840096,3829200
2024-10-07,276.57421875,286.69454882532494,272.0467281794823,282.9683121574907,3477000
2024-10-08,277.3983154296875,279.39396605506306,271.1531467303149,276.9018798004852,2599100
2024-10-09,260.4102783203125,274.0821049491335,255.66435481001506,274.0821049491335,5235800
2024-10-10,260.4400634765625,265.85122408179336,257.1834468846146,259.1989743744478,2733500
2024-10-11,264.32220458984375,264.9973498168864,247.27460580684794,254.5622928253037,4477700
2024-10-14,269.8028564453125,270.87517449315766,263.3194076098314,265.66259979954634,2229300
2024-10-15,264.2526550292969,267.87662872873597,260.4698183071397,267.87662872873597,3000900
2024-10-16,277.8053894042969,278.2422552188306,262.2371740319108,266.3079525945958,2469300
2024-10-17,269.2667236328125,282.96833621367347,268.61142490241946,282.96833621367347,3209900
2024-10-18,268.234130859375,270.63686258798487,263.1109109942014,265.8710921692337,1708800
2024-10-21,271.7687072753906,272.1658496971384,266.09942118237734,271.1332551605745,1650900
2024-10-22,264.103759765625,269.4900743250448,263.9548351340332,268.44260239948454,2134100
2024-10-23,264.15338134765625,266.01601482396524,260.73790185720515,263.11087866540737,2633700
2024-10-24,262.6144104003906,265.89087296590657,260.6981764169223,265.8809648587532,1553700
2024-10-25,262.5251159667969,267.817106903621,261.21451851939327,267.082391804332,2016200
2024-10-28,265.0767517089844,269.25673078499034,263.12079432282087,264.9873969410914,1542500
2024-10-29,263.1108703613281,265.3249840652078,259.8344074919328,264.3817442967328,1829700
2024-10-30,259.9138488769531,266.0895096028716,259.5663378603767,264.9774985898491,1831000
2024-10-31,261.0854187011719,262.30666126204784,257.5011679875845,259.87411454892924,2290900
2024-11-01,256.2601013183594,262.8825362502781,254.98922720323657,260.8571005136952,2804500
2024-11-04,224.33926391601562,233.81920307023634,223.07831314149826,230.84257386567498,10719400
2024-11-05,232.08364868164062,235.1714787952343,225.38176791757186,228.7078925790036,6347400
2024-11-06,233.3148193359375,240.2748413099611,232.09357679647678,237.11751802260497,4790100
2024-11-07,239.8677520751953,246.57957115324592,236.69752108771706,240.7911301788378,4154900
2024-11-08,237.66358947753906,246.23207332888302,235.14170313445064,241.51593482762416,5162100
2024-11-11,235.5785675048828,242.17123204856628,232.61980024957546,240.2649210522014,3382100
2024-11-12,227.0696563720703,234.29775800417548,224.08111930399272,233.76161418449212,4460000
2024-11-13,224.3491973876953,231.11064826876802,224.00168638543215,229.35326189020302,2979500
2024-11-14,223.77333068847656,229.88940617055007,223.51517446341262,226.573219779456,2513200
2024-11-15,223.03048706054688,226.48115616419565,220.4250884950796,223.59731875236298,2717400
2024-11-18,228.99705505371094,230.7472442195638,219.9477472122901,224.73096232341635,3293200
2024-11-19,233.27310180664062,233.58137229637202,224.84035011753983,225.04419466169475,2197500
2024-11-20,234.10842895507812,240.13466512425813,230.8467036676422,236.8132765359439,2567600
2024-11-21,250.4369354248047,250.78499156052203,232.8057177482354,235.98788674736164,3586400
2024-11-22,248.49781799316406,251.8192066205529,243.66489330603136,249.81047132304735,2471600
2024-11-25,247.54315185546875,254.1859440749535,241.64619640360146,252.08769871733733,3459600
2024-11-26,265.2439880371094,265.641753462536,247.8116383115783,248.15969443916032,3881600
2024-11-27,251.97830200195312,264.5180492283379,249.45245963691204,263.5236204718404,2298200
2024-11-29,255.13063049316406,259.3360734430659,253.7782068242683,256.5427326313545,1185700
2024-12-02,248.1895294189453,257.00016875704114,248.11991212298307,255.5681889282379,1908400
2024-12-03,246.1310577392578,252.76389576954625,245.20624627281225,250.0699886139653,1784600
2024-12-04,252.78378295898438,256.2245130797362,249.60161402214302,251.27224702381784,2701200
2024-12-05,254.6632537841797,258.31282063295777,251.68992154646043,252.306462513039,2118200
2024-12-06,252.2169647216797,257.129445096645,249.02484180829697,255.02126103565874,1329700
2024-12-09,238.5137481689453,252.58490929020707,235.0133546261867,252.37607257063038,3262400
2024-12-10,231.04556274414062,238.1656759465027,229.42465426567998,236.55470629257786,2771500
2024-12-11,235.2818603515625,238.11398556463914,230.82680839861558,233.4620538251462,2386700
2024-12-12,237.6883544921875,246.74760064645076,237.58890555168497,241.60640603705122,2822000
2024-12-13,237.7380828857422,242.0638387409856,235.18239377567545,240.6418129457555,2004800
2024-12-16,237.966796875,242.3422771945279,235.9262271895045,238.7126184185862,1974400
2024-12-17,232.9350128173828,236.75361585362361,227.58498089735676,236.3359575690766,2506500
2024-12-18,224.50222778320312,235.66967350345968,223.5177530378599,233.01455057782928,3173700
2024-12-19,223.91554260253906,232.48751444422322,223.72659869300736,227.5849874912504,3626800
2024-12-20,225.75521850585938,230.40913776074058,218.41632949370836,220.58419205362077,4985400
2024-12-23,227.00820922851562,228.0821941721912,220.46486578898717,225.73534155611043,1935200
2024-12-24,228.50978088378906,228.8280053743019,225.89046800104916,227.96781902380204,978400
2024-12-26,227.36619567871094,228.947333797388,226.0525561099097,227.29659355446793,920500
2024-12-27,225.27789306640625,226.90875568704539,221.49907577564727,226.90875568704539,1466000
2024-12-30,225.0591278076172,227.72418964317143,221.0117954069644,222.27472420080517,1587100
2024-12-31,222.46365356445312,225.76514899386925,221.6382759136546,225.08894475395408,1885700
2025-01-02,241.24842834472656,242.36218372385858,223.8837073866217,225.11879230269568,4552500
2025-01-03,250.99380493164062,252.76290055837578,242.98866580854246,249.1043964175458,4576600
2025-01-06,262.8076477050781,266.32793423014255,250.10878740717138,256.4433093176448,4116000
2025-01-07,254.20582580566406,264.000955046783,248.16963601954401,262.03197519985713,3112400
2025-01-08,242.48150634765625,254.56382494327343,226.77948282918763,254.08648821108704,8414200
2025-01-10,303.4897155761719,308.2729154821385,278.5693332879042,280.91617059377944,14707200
2025-01-13,277.6842956542969,298.7860765554083,277.30640784481653,295.8375987280968,6920600
2025-01-14,287.2606506347656,292.7598408386698,279.8322660770993,282.3133611468835,4852400
2025-01-15,299.09429931640625,303.4081434994148,291.38747714540574,295.4348091044281,4140700
2025-01-16,313.4837341308594,318.7243934785853,300.78488891823383,300.78488891823383,5269100
2025-01-17,314.59747314453125,318.3763207034995,309.30713511806823,318.3763207034995,2820000
2025-01-21,321.8369140625,328.4995680410298,316.5564698273309,324.1837511914151,4032300
2025-01-22,330.6177673339844,334.5736022192424,317.2228092528834,327.16709794419637,4576600
2025-01-23,344.2911071777344,350.03890387403646,331.144758494472,331.2740390816253,4853500
2025-01-24,345.5043029785156,348.0500379713013,340.0448992369834,345.8125734414858,3226600
2025-01-27,273.4679260253906,300.9837848805806,268.93333302528345,290.8306447586316,16083200
2025-01-28,277.2467346191406,282.7857102649756,257.6465516580516,279.9814137926878,9989300
2025-01-29,290.26385498046875,292.55102922313415,274.52202910664096,277.47548403950776,6638500
2025-01-30,306.83099365234375,308.9590858480603,297.12538921487464,299.3230683623449,6023100
2025-01-31,298.3087463378906,310.2617689472107,296.28508019680055,310.2617689472107,4719900
2025-02-03,304.60345458984375,306.93041412080953,282.4376302297637,283.8099467000256,3723500
2025-02-04,304.6233215332031,305.3790970346255,291.86481503306345,296.5654691656251,2996300
2025-02-05,312.0815734863281,316.5962886855219,301.1627648059868,308.7999706217841,3578600
2025-02-06,310.0628662109375,314.81623433158563,304.16591111906155,313.5682517660308,2480100
2025-02-07,308.0640869140625,317.82935404667353,307.581773195917,312.7279601181172,2298000
2025-02-10,320.0369873046875,320.20605354302336,310.8335748291175,310.888261126278,2729800
2025-02-11,311.83294677734375,317.3818760671692,307.7160276293808,315.542176853194,2642900
2025-02-12,312.0517272949219,315.66150848623914,302.09751621764104,303.7283635748072,1766400
2025-02-13,309.75457763671875,315.96778425181515,303.39024019912904,314.5974404185444,2707200
2025-02-14,315.5322265625,316.41728270652345,304.51396949370144,309.45130453826334,2193000
2025-02-18,323.7860412597656,327.7339250280455,314.05555127181566,322.03583676373415,3253000
2025-02-19,319.8729248046875,328.05010421088457,316.357615614828,322.0059634978947,3079100
2025-02-20,307.6961669921875,320.2060677132776,302.48533953964443,315.72118419650974,3860000
2025-02-21,282.8553161621094,308.73034131970087,276.22246304470735,308.2729125918805,6478000
2025-02-24,266.22845458984375,288.39427896101915,261.1866937631164,288.39427896101915,7221400
2025-02-25,262.83746337890625,266.55661723364113,247.17521039394276,263.30484611045506,5094600
2025-02-26,268.6349792480469,278.39032220975446,266.5565965927509,271.23042354631997,4724900
2025-02-27,248.3486328125,279.0367035724869,247.40391339397715,274.8501671785426,5131000
2025-02-28,249.14915466308594,250.13762013920942,240.26393602008892,245.0471359818261,6029600
2025-03-03,230.995849609375,248.33073852343912,227.96285403531598,247.99064862228954,5315000
2025-03-04,230.35940551757812,238.29495758003898,220.01735296198365,226.2325324241866,5525500
2025-03-05,228.04241943359375,232.23889500482514,222.17528041616526,229.36499638312628,3840200
2025-03-06,206.5329132080078,221.53883967209927,203.56951972868183,218.9632728052563,7710800
2025-03-07,211.75148010253906,215.3381303560344,202.3465148197129,207.32796505946772,4986200
2025-03-10,201.45980834960938,207.46743585611802,194.83447070328674,202.85460827400414,7689500
2025-03-11,207.80616760253906,210.85481253466227,199.1832789692024,203.23320020435426,5051000
2025-03-12,214.55105590820312,223.49773578184352,209.22089836888617,218.6059482714576,7320400
2025-03-13,209.0913848876953,215.965795254019,202.96420725018328,215.965795254019,3654300
2025-03-14,215.6569366455078,216.69307154000484,208.2544941585715,213.0366891226487,3829900
2025-03-17,217.72921752929688,221.2411490234853,213.56473248062915,216.1052751099575,3547600
2025-03-18,210.0677490234375,217.3257099968701,208.473678969561,217.11151129902046,2716500
2025-03-19,217.2410430908203,219.55242804474182,210.33674530928639,210.33674530928639,3091900
2025-03-20,218.62588500976562,221.60478244819112,213.2060648540249,216.25470989108422,2250500
2025-03-21,221.65460205078125,221.99335221529932,211.76144933060158,214.9744755623204,3733500
2025-03-24,227.77182006835938,230.2924326089895,225.75932516857472,227.3932401973094,2773600
2025-03-25,226.0283203125,230.01547202509758,221.17639260077513,228.4592704833438,2849900
2025-03-26,216.16505432128906,225.2611873827405,213.20607164352003,223.16897218760977,4059000
2025-03-27,208.4238739013672,216.74290183914178,206.75011392660542,211.1736441487324,4178300
2025-03-28,204.6280059814453,214.61580732089624,203.13357095596064,209.12126848528473,5572000
2025-03-31,200.8819580078125,202.80479041500809,194.82451297018923,198.2417803806813,4518500
2025-04-01,206.17225646972656,206.98920637028908,197.35508382738402,200.20447385533637,2863100
2025-04-02,213.66436767578125,214.54109256943042,201.51958971219423,202.0775096996563,3179100
2025-04-03,189.53421020507812,203.28997749019328,189.07591012788964,199.72625238671122,5557500
2025-04-04,170.3257598876953,182.31112841286853,164.46756931400975,179.40196318436747,9358600
2025-04-07,179.1229705810547,189.08587047927003,160.75139593857583,160.93072083969787,7458400
2025-04-08,184.25387573242188,192.58286077215504,181.31482326169072,188.2390357475635,6895700
2025-04-09,214.65069580078125,217.09160346891323,181.93253305364158,185.439478409909,7984300
2025-04-10,203.73133850097656,210.69042444918753,198.8096636877817,208.22460072811486,4048600
2025-04-11,207.47740173339844,207.7563617296387,197.26542877893345,203.73135663947204,2960700
2025-04-14,205.93313598632812,216.40415341369678,203.11363351646563,214.17245838397025,3427300
2025-04-15,207.64675903320312,211.2134790412748,205.5844466476973,205.83351914656672,1986000
2025-04-16,203.43246459960938,206.63054709749082,200.69266700442859,204.2892746374622,2433300
2025-04-17,205.91322326660156,208.04529859906378,202.84864621651602,207.57704105249982,1962800
2025-04-21,191.89540100097656,204.10990987748303,187.30847834379225,202.73504013323293,3290900
2025-04-22,200.13475036621094,201.66903035622602,195.1234126244372,196.81710267118055,2457800
2025-04-23,209.02163696289062,216.53365658363333,207.49731453797168,212.4588342896259,2976100
2025-04-24,217.26097106933594,219.373101038395,208.79250593399195,208.79250593399195,2336500
2025-04-25,222.16270446777344,223.1141632073235,215.69677713088106,217.30080458044955,2710400
2025-04-28,223.98593139648438,224.65344389099621,218.87495868804479,221.51512118142583,2396300
2025-04-29,225.60987854003906,226.51650613308962,219.68195578933424,223.47781844341344,2038900
2025-04-30,222.61105346679688,223.0444372106027,215.94587053220832,218.73548574099578,2185200
2025-05-01,239.7223358154297,243.07484210375176,229.4555589466782,231.3385465327917,4557800
2025-05-02,246.34266662597656,249.71013178224482,240.66681134132378,243.3737266018527,3316000
2025-05-05,247.34893798828125,249.07251553920216,240.56420509734215,242.3674876774972,3117800
2025-05-06,272.80413818359375,278.85162584906186,255.1697928223329,257.8697302396602,7195600
2025-05-07,267.125244140625,277.4866530592145,263.6780895867162,276.33095312229057,5165600
2025-05-08,269.58612060546875,272.9635584643568,264.08661048269846,270.7418207103821,2862300
2025-05-09,270.3631896972656,273.9299246237372,265.0728926745379,271.0606048003549,3245900
2025-05-12,284.22161865234375,290.9067162430133,282.3984212746553,285.29759850724275,4744900
2025-05-13,290.4384460449219,295.0712188076429,278.1542038839645,279.4294538510635,3651100
2025-05-14,287.0809631347656,290.9166857920045,281.8803280150493,290.43845563691434,3129300
2025-05-15,283.3448791503906,287.6488593876585,282.2290391787343,283.5540915439865,2187300
2025-05-16,290.4361877441406,290.486088567431,283.5324590776457,285.9168294107668,2104900
2025-05-19,293.3293762207031,293.67856020769017,281.3376205193718,282.68445564295234,1972700
2025-05-20,291.7131652832031,292.34169032542377,288.98959736143934,291.87279310709204,1481300
2025-05-21,286.4355773925781,291.52062012213554,284.5400464931025,287.5928562602112,2040900
2025-05-22,290.7853698730469,294.5066194690513,282.05592267184915,284.5201221281945,2390800
2025-05-23,296.79119873046875,301.88921138675715,292.421482295334,297.94348446609865,5373300
2025-05-27,308.33404541015625,309.53123890416504,295.56911668173245,303.14624753064527,3611500
2025-05-28,307.326416015625,312.34959306941397,305.9396967876317,308.7231519434231,2512000
2025-05-29,302.65740966796875,313.76127129450384,299.3951015279091,313.14273248316795,2710600
2025-05-30,305.4308776855469,305.7800616591655,298.55707744944624,300.73194953694025,3656100
2025-06-02,312.69378662109375,313.1626838704078,303.8546122161946,306.16917014667655,2097100
2025-06-03,312.29473876953125,341.19669384940596,308.77303142219637,341.19669384940596,10696100
2025-06-04,298.83642578125,309.68088861230717,298.23782901852525,303.2859412630878,4966800
2025-06-05,289.1990966796875,301.2906227615565,288.6802986385667,298.53210294244207,4673800
2025-06-06,298.09814453125,299.06586734215256,285.328222285636,292.8904044311379,3735300
2025-06-09,298.9561462402344,308.0946343964932,296.3123767909541,299.98871883046115,2997400
2025-06-10,290.3363952636719,299.79413810174617,287.03417275053545,299.2953125807782,3374300
2025-06-11,291.503662109375,297.7689094720891,289.11926149096473,296.13274713957253,2751400
2025-06-12,299.6744384765625,300.6122329343025,288.4009629224586,289.4285423245488,2084000
2025-06-13,296.1926574707031,299.24546748119474,293.3992160498134,296.66152427195544,1525900
2025-06-16,307.2865295410156,309.23193094688725,299.29533437063304,299.29533437063304,2592700
2025-06-17,304.9819641113281,312.8035453552837,301.9890107066866,307.09697964593136,2158100
2025-06-18,305.7102355957031,308.8119417997007,302.5377122352555,304.28360175351344,1451500
2025-06-20,304.20379638671875,307.47609087991833,301.97902340314454,306.8076512256771,4194800
2025-06-23,314.4696044921875,315.0482591978962,303.9743255541053,305.28124610010394,2314500
2025-06-24,319.90679931640625,323.5482196732124,316.105751133118,317.19318715800074,2385000
2025-06-25,314.3997802734375,322.8798145696391,314.11544605823394,321.2536384156125,2263900
2025-06-26,321.7524719238281,322.8449011162643,313.9907474408507,316.25540451899735,2192400
2025-06-27,319.41796875,327.66853245536123,317.05351004870715,327.13478545889757,3689700
2025-06-30,322.0018615722656,323.9771911593393,317.472517295444,323.2389391274749,1968000
2025-07-01,307.1967468261719,319.9716621340271,301.5400515692736,319.9716621340271,3553000
2025-07-02,305.9097595214844,309.59109449036873,302.2982674361257,306.15917229473723,2106500
2025-07-03,311.1474304199219,313.20258925342455,305.7281828164711,307.47608167326626,1465800
2025-07-07,317.5024719238281,319.6574020167873,308.3639839252388,309.27185010647827,2002100
2025-07-08,312.10516357421875,319.9317375989255,307.0271231758494,319.9317375989255,1793000
2025-07-09,316.3651123046875,319.0039188377719,309.52124066264656,312.4842655219587,1685700
2025-07-10,312.8833312988281,316.61453664853514,306.5133193195287,315.51714480160615,1745800
2025-07-11,320.7847595214844,322.2413216766578,309.0174508027629,310.07995171393196,2015600
2025-07-14,325.2242736816406,325.7829558642629,313.147726551929,321.32345421111694,2000100
2025-07-15,317.2430419921875,327.21955231436345,313.46196650112597,326.81051173764706,2742400
2025-07-16,307.47607421875,321.24364690787235,300.6621003107236,317.88156764853375,2952800
2025-07-17,307.3563537597656,314.0805432328768,304.29358785953804,311.08758977446377,1984900
2025-07-18,320.6650390625,326.2419052163307,310.18970221508476,311.04766757141425,3532900
2025-07-21,317.1333312988281,324.8751134495845,315.90620950558355,323.65797790986136,1937600
2025-07-22,317.0435485839844,317.993308281526,310.66355037468014,317.2530467881448,1780100
2025-07-23,322.9396667480469,342.4237911210236,322.0417564194042,328.61630382845595,3821400
2025-07-24,320.9144287109375,326.1520967570792,320.14222950000993,324.31639202090184,1818100
2025-07-25,326.58111572265625,327.5089240012805,320.2759530379608,321.7425014718077,1383900
2025-07-28,327.8880310058594,331.2201821973492,321.74249626097924,329.3096717179561,1701400
2025-07-29,329.74365234375,338.4431717269413,327.9279503609638,331.22018702958565,2696000
2025-07-30,344.458984375,347.3172754800285,330.721339686986,330.721339686986,3026600
2025-07-31,347.02294921875,353.1784697999191,343.4663206705278,348.6591116096612,3581100
2025-08-01,339.9695739746094,342.5734593275038,326.24191475086747,335.6447647317762,2871900
2025-08-04,354.0564270019531,356.16145628924016,343.7666273458294,344.31934215175085,2899300
2025-08-05,342.76300048828125,352.94602613792557,338.163813021623,351.20312038649854,3380500
2025-08-06,337.6650085449219,343.25186122037667,331.51947364651136,342.8128922672118,2946500
2025-08-07,335.61981201171875,344.4390441297002,321.2436559298,334.47251932972,3632000
2025-08-08,334.9763488769531,341.39623151263163,331.46959051377036,337.91440833871303,1961000
2025-08-11,330.7113342285156,337.5053353900684,327.2295418340044,335.4501766788556,1829800
2025-08-12,337.77471923828125,338.93199809585343,330.1426948868592,332.267666023221,1890600
2025-08-13,326.8604431152344,341.9449232612814,321.74248797013354,338.9669492657276,2788100
2025-08-14,325.4437561035156,332.80642607696285,322.5007036324069,324.67557571869645,2020700
2025-08-15,321.4731140136719,327.16570466451293,318.9290855273923,327.1198227017223,1749100
2025-08-18,322.4000549316406,325.62636392834816,319.41349159360135,321.7008755072448,1860300
2025-08-19,316.87139892578125,321.43019392558176,313.49029923882625,320.48227646360283,2122300
2025-08-20,313.849853515625,315.1683478875802,304.4306692107539,313.5651765160483,2638500
2025-08-21,312.16180419921875,317.8353174152163,310.3439133009287,314.6190066961781,1622600
2025-08-22,309.80450439453125,317.6355146835341,308.84561326268994,313.560204511259,1856300
2025-08-25,310.32391357421875,317.2559618831014,309.62970281749523,310.05423400256984,1386200
2025-08-26,316.2171325683594,318.11497923431585,309.9543300185025,310.41379424587103,1674000
2025-08-27,315.577880859375,319.1237997557626,313.779956162001,315.98741458677017,1369900
2025-08-28,319.1837463378906,323.59869391611454,315.43804427407906,316.93632509960366,1751500
2025-08-29,307.62701416015625,317.62552029053785,305.53941330914034,316.9862696889951,2326300
2025-09-02,306.8379211425781,307.10260156577704,296.6495995293728,300.14558805589996,2426900
2025-09-03,308.12646484375,309.235178051169,303.5716934569975,306.1686892344986,1374400
2025-09-04,308.7057800292969,311.80223317703866,306.89785693154664,309.6447051221463,1757700
2025-09-05,301.2343444824219,312.63127109138946,292.8190126033643,310.69349209493316,2821200
2025-09-08,298.4775085449219,304.4406671243012,296.0203061777205,303.8613148331335,2333700
2025-09-09,300.4752197265625,304.9500654247994,296.01034183856626,300.2654384725076,2081600
2025-09-10,319.63323974609375,327.9247206348053,308.1464201927185,308.1464201927185,4040700
2025-09-11,317.6355285644531,321.89163122023893,315.7476801309594,319.64323458433995,2263800
2025-09-12,323.1092529296875,325.03703353575963,314.91964512901114,317.6954516745053,1414800
2025-09-15,330.04132080078125,334.4762040963087,324.2379515670082,325.37665965069647,2049300
2025-09-16,322.5399169921875,332.47849502257935,321.13951577487364,331.65945799012457,2374000
2025-09-17,320.9067687988281,325.82614236458375,315.82160036729266,322.1603352743437,2171800
2025-09-18,322.3401184082031,329.75162741076616,319.22369926365604,324.80728864473633,1732400
2025-09-19,330.520751953125,331.47964316936435,319.393535272579,325.33669773368376,3416400
2025-09-22,346.7221374511719,346.93188822086347,326.1257763027732,332.58836181818424,2879900
2025-09-23,336.26416015625,348.0406562010182,335.75476539418054,346.35259066730475,2522700
2025-09-24,338.7413024902344,344.0052511733281,335.1154582289024,339.29965226774067,1735200
2025-09-25,325.9559631347656,336.17424898386395,324.6874297202603,334.6160394180179,2447800
2025-09-26,330.8803405761719,332.45851626815147,326.06585763829617,328.34324322776337,1263500
2025-09-29,333.88189697265625,340.1546979345603,322.19029558217056,334.51614843956236,2286700
2025-09-30,328.6928405761719,336.393995150526,326.8349565820763,334.53614163903046,2159600
2025-10-01,350.497802734375,351.8462615009483,323.50878323045123,325.67627897057736,2818400
2025-10-02,357.05029296875,357.2700420376899,342.81662543551477,351.846272882955,2161800
2025-10-03,359.58740234375,376.3481694892463,358.27890617938505,358.45869256473253,3355200
2025-10-06,363.6827087402344,368.07765977536013,352.5954244252432,367.20866176518274,2159900
2025-10-07,357.74951171875,370.8844342323481,354.97269913302523,362.71381675495815,2167700
2025-10-08,370.57476806640625,376.0674581631687,363.29311516684686,368.387275757002,3342800
2025-10-09,382.790771484375,386.41658535046633,372.32277217425735,373.8010868443527,2888800
2025-10-10,368.0676574707031,391.73050838976786,366.9589442925879,380.5633292973396,3084600
2025-10-13,380.4734191894531,386.55643540654336,374.8199028069907,375.88868372975264,3270500
2025-10-14,389.1134948730469,394.687116304631,365.74032138980317,374.2705416177166,3110900
2025-10-15,403.4870300292969,412.22700132789134,395.24648566205065,396.5200182404685,3537700
2025-10-16,396.0755310058594,411.21815960648325,394.26760790711205,406.43364094763524,3062300
2025-10-17,386.0570068359375,401.5492395555063,382.3911998528616,390.85149304603465,2882900
2025-10-20,369.575927734375,398.0432627085093,367.7080758957444,395.48619926873897,3072900
2025-10-21,358.3787841796875,369.12444959254026,354.79290248805256,368.94164543649464,2753700
2025-10-22,349.6587829589844,362.5240256694891,343.0763396198956,360.5862467249354,3571800
2025-10-23,365.3807373046875,367.11376463835904,353.3845229276959,353.59427370747875,2317500
2025-10-24,388.7439270019531,390.66771436965814,373.1717993513974,375.9985422958824,2999900
2025-10-27,390.7016906738281,395.1795543433272,383.7097134850452,392.29986298492736,2642300
2025-10-28,384.5088195800781,400.54041242291726,375.06963806684644,396.5749612352367,2865600
2025-10-29,400.96990966796875,405.57762924587394,380.11383557165675,381.642080803752,2615900
2025-10-30,382.0416259765625,400.5204219333505,381.5521668689985,396.6947946731217,2218200
2025-10-31,376.5679016113281,388.02475649504044,371.72046704539184,387.5552939660353,2383800
2025-11-03,377.2770690917969,384.53973133978286,374.73000403523076,380.48341181230194,2506700
2025-11-04,362.4041748046875,374.0108521010576,360.0668603656813,368.3673337327962,3192200
2025-11-05,362.83367919921875,370.55483082047084,356.6507711191979,364.5117464355063,3228300
2025-11-06,350.8973388671875,363.4629371396571,348.1504908301376,360.54627053888197,3909800
2025-11-07,357.979248046875,358.6884257494343,331.73933774357437,335.09550255034344,5775300
2025-11-10,360.5163269042969,378.3458749226003,352.26581450787614,366.7791602982924,2436300
2025-11-11,351.2669372558594,363.14329335730446,348.0306301420091,359.20780685709485,1830100
2025-11-12,353.6142272949219,354.58311674404507,345.80321339243386,354.2235439914304,1994300
2025-11-13,335.3551940917969,350.5877158605912,333.272592273618,349.8286076350367,3604300
2025-11-14,338.1319885253906,351.57658306313266,326.45538478067135,328.2733060722971,2732800
2025-11-17,338.6700134277344,347.989990234375,334.0799865722656,336.68499755859375,2129500
2025-11-18,339.3500061035156,344.54998779296875,333.75,333.75,3209900
2025-11-19,357.4800109863281,362.7149963378906,342.92999267578125,344.2749938964844,3337700
2025-11-20,345.7799987792969,379.20001220703125,345.0,368.25,4415000
2025-11-21,338.1099853515625,345.2799987792969,330.8599853515625,345.2799987792969,2948300
2025-11-24,354.1050109863281,355.5,336.7699890136719,339.75,2388300
2025-11-25,351.5950012207031,355.5400085449219,339.3399963378906,353.4599914550781,1635800
2025-11-26,359.0899963378906,361.1400146484375,355.0,355.3900146484375,1396100
2025-11-28,364.3599853515625,366.3080139160156,359.6000061035156,362.0,1073000
2025-12-01,359.04998779296875,361.2900085449219,354.0,359.3299865722656,2012500
2025-12-02,363.6700134277344,368.7099914550781,358.94500732421875,362.5350036621094,1974000
2025-12-03,361.260009765625,365.4700012207031,355.2099914550781,361.19000244140625,1559500
2025-12-04,368.6199951171875,374.45001220703125,358.5,360.9800109863281,2029800
2025-12-05,359.82000732421875,370.07000732421875,357.1199951171875,369.1650085449219,2018200
2025-12-08,357.6700134277344,364.25,354.0,362.7650146484375,1637900
2025-12-09,359.1499938964844,364.6600036621094,354.010009765625,356.20001220703125,1359900
2025-12-10,362.07000732421875,363.51800537109375,346.3999938964844,358.54998779296875,2382200
2025-12-11,378.6000061035156,380.0,354.3399963378906,360.75,2530300
2025-12-12,351.9800109863281,380.7799987792969,351.2200012207031,379.0,3778600
2025-12-15,357.1400146484375,360.9599914550781,350.6700134277344,356.6499938964844,2628800
2025-12-16,365.625,368.17999267578125,350.3299865722656,356.05999755859375,2496800
2025-12-17,340.9700012207031,372.0,334.17999267578125,368.5150146484375,4598000
2025-12-18,361.04998779296875,371.239990234375,348.7799987792969,351.989990234375,3773200
2025-12-19,355.3999938964844,368.6400146484375,354.19000244140625,361.20001220703125,5429500
2025-12-22,357.80999755859375,363.95001220703125,355.3999938964844,363.2749938964844,1390300
2025-12-23,361.3299865722656,364.30999755859375,353.0,353.1400146484375,1404300
2025-12-24,363.95001220703125,364.55999755859375,359.0,360.6199951171875,628400
2025-12-26,360.4599914550781,363.3450012207031,358.3999938964844,363.239990234375,758100
2025-12-29,358.3299865722656,369.0,358.0249938964844,360.0,1575600
2025-12-30,357.1199951171875,360.67999267578125,355.30999755859375,358.0,1198700
2025-12-31,353.2699890136719,360.4200134277344,352.9599914550781,357.7200012207031,1234600
2026-01-02,366.25,373.2300109863281,358.0,358.0,2330100
2026-01-05,354.94000244140625,378.5,349.5400085449219,372.3299865722656,3097300
2026-01-06,354.5799865722656,359.79998779296875,346.739990234375,358.45001220703125,2448400
2026-01-07,338.6300048828125,352.43499755859375,334.7900085449219,352.1099853515625,2812100
2026-01-08,322.5400085449219,338.6300048828125,321.6099853515625,337.0,4114300
2026-01-09,342.5199890136719,343.8800048828125,333.6700134277344,339.4949951171875,5908000
2026-01-12,335.8599853515625,339.989990234375,333.0,334.6700134277344,2485200
2026-01-13,333.5299987792969,343.6499938964844,332.5799865722656,335.8599853515625,2754400
2026-01-14,330.3800048828125,336.5899963378906,325.79998779296875,330.0,2448400
2026-01-15,341.20001220703125,346.80999755859375,335.0400085449219,335.95001220703125,3054000
2026-01-16,307.7099914550781,323.04998779296875,300.4100036621094,322.45001220703125,9206900
2026-01-20,295.3999938964844,308.75,292.4549865722656,301.4800109863281,6079600
2026-01-21,294.3699951171875,300.1549987792969,290.9429931640625,297.86199951171875,5711800
2026-01-22,287.3500061035156,302.7300109863281,286.8999938964844,300.489990234375,4771600
2026-01-23,289.05999755859375,292.25,285.44000244140625,287.44000244140625,3785200
2026-01-26,285.2699890136719,291.79998779296875,284.4100036621094,286.54998779296875,3344100
2026-01-27,288.760009765625,290.3999938964844,282.5,286.0199890136719,5963900
2026-01-28,287.95001220703125,293.2300109863281,285.1700134277344,291.3500061035156,3279700
2026-01-29,287.45001220703125,292.6700134277344,283.1099853515625,288.2049865722656,3141900
2026-01-30,280.67999267578125,288.3399963378906,278.2300109863281,283.760009765625,2756300
2026-02-02,270.8800048828125,282.9800109863281,268.8999938964844,279.19000244140625,4044500
2026-02-03,268.45001220703125,273.3999938964844,263.7099914550781,272.4599914550781,3584200
2026-02-04,250.4600067138672,268.95001220703125,245.02000427246094,268.95001220703125,7172000
2026-02-05,247.05999755859375,254.0,243.3000030517578,248.14999389648438,4001600
2026-02-06,261.4200134277344,263.9599914550781,252.3800048828125,254.14500427246094,6306500
2026-02-09,272.1499938964844,272.9200134277344,260.69000244140625,263.125,4182000
2026-02-10,271.1400146484375,276.4729919433594,267.0,275.81500244140625,4603800
2026-02-11,276.8500061035156,277.57000732421875,268.2550048828125,272.6050109863281,3862100
2026-02-12,276.1199951171875,285.3699951171875,270.3550109863281,278.44000244140625,4893400
2026-02-13,288.42999267578125,294.3599853515625,272.0,275.989990234375,5450300
2026-02-17,303.010009765625,307.5299987792969,288.0,289.489990234375,5259200
2026-02-18,294.04998779296875,310.6549987792969,290.68798828125,305.7099914550781,3794400
2026-02-19,291.6600036621094,298.2300109863281,289.0,292.4800109863281,2550000
2026-02-20,294.8399963378906,297.2300109863281,289.8800048828125,291.92999267578125,3134000
2026-02-23,293.79998779296875,299.75,289.0899963378906,294.0,3223200
2026-02-24,312.6400146484375,313.114990234375,290.80999755859375,297.4049987792969,4652100
2026-02-25,325.8399963378906,327.6400146484375,312.5199890136719,312.6400146484375,4999700
2026-02-26,323.55999755859375,324.91900634765625,308.7099914550781,324.510009765625,3960900
2026-02-27,329.8800048828125,330.1449890136719,318.6000061035156,320.0,3439500
2026-03-02,327.1600036621094,333.79998779296875,320.7239990234375,321.94000244140625,3539400
2026-03-03,324.8699951171875,328.3999938964844,309.1300048828125,313.0,4260300
2026-03-04,322.8500061035156,326.5899963378906,318.0,323.760009765625,2342500
2026-03-05,332.07000732421875,332.4200134277344,317.5899963378906,317.5899963378906,3129200
2026-03-06,319.05999755859375,331.5,317.5,327.04998779296875,3432400
2026-03-09,322.989990234375,323.95001220703125,309.0299987792969,312.3999938964844,2730959
